timestamp,cpu_pct,cpu_temp_c,disk_temp_c,fan_rpm,ram_pct,power_w,hba_temp_c,net_rx_mbs,net_tx_mbs
2026-02-26T19:01:56,1.6,55.0,28.0,5810,6.0,181.0,,0.0,0.0
2026-02-26T19:02:32,1.6,56.0,28.0,5810,4.8,196.0,44.0,0.014,0.013
2026-02-26T19:03:09,1.8,54.0,28.0,5810,6.8,181.0,,0.014,0.012
2026-02-26T19:03:46,1.5,55.0,28.0,5810,6.8,181.0,,0.011,0.008
2026-02-26T19:04:10,1.9,54.0,28.0,5740,5.5,184.0,43.0,0.011,0.009
2026-02-26T19:04:33,2.3,56.0,28.0,5810,5.5,187.0,43.0,0.013,0.011
2026-02-26T19:04:57,2.0,55.0,28.0,5810,5.5,187.0,43.0,0.012,0.009
2026-02-26T19:05:13,2.2,56.0,28.0,5810,4.1,187.0,43.0,0.013,0.013
2026-02-26T19:05:43,2.1,56.0,28.0,5810,5.7,184.0,44.0,0.015,0.014
2026-02-26T19:06:14,2.1,56.0,28.0,5740,5.7,187.0,44.0,0.013,0.011
2026-02-26T19:06:31,2.1,56.0,28.0,5740,4.3,184.0,43.0,0.01,0.009
2026-02-26T19:07:08,1.7,56.0,28.0,5810,6.0,181.0,,0.009,0.008
2026-02-26T19:07:45,1.8,55.0,28.0,5810,6.0,190.0,,0.011,0.009
2026-02-26T19:08:22,2.0,56.0,28.0,5810,6.6,184.0,,0.012,0.013
2026-02-26T19:08:59,1.7,55.0,28.0,5810,6.6,184.0,,0.01,0.008
2026-02-26T19:09:37,2.1,56.0,28.0,5740,7.8,187.0,,0.01,0.009
2026-02-26T19:10:14,1.6,55.0,28.0,5810,7.8,181.0,,0.012,0.01
2026-02-26T19:10:30,1.8,56.0,28.0,5740,4.9,181.0,43.0,0.012,0.01
2026-02-26T19:10:46,1.6,55.0,28.0,5740,4.9,181.0,43.0,0.009,0.008
2026-02-26T19:11:02,1.6,55.0,28.0,5810,4.9,184.0,43.0,0.019,0.021
2026-02-26T19:11:18,1.7,55.0,28.0,5740,4.9,184.0,44.0,0.017,0.015
2026-02-26T19:11:34,1.6,55.0,28.0,5810,4.9,181.0,44.0,0.01,0.008
2026-02-26T19:11:50,1.7,55.0,28.0,5810,4.9,181.0,44.0,0.016,0.017
2026-02-26T19:12:06,1.6,55.0,28.0,5810,4.9,184.0,44.0,0.009,0.008
2026-02-26T19:12:22,1.6,55.0,28.0,5810,4.9,184.0,43.0,0.014,0.014
2026-02-26T19:12:38,1.6,56.0,28.0,5810,4.9,184.0,44.0,0.011,0.008
2026-02-26T19:12:54,1.5,56.0,28.0,5740,4.9,184.0,44.0,0.012,0.011
2026-02-26T19:13:10,1.8,56.0,28.0,5810,4.9,184.0,44.0,0.012,0.014
2026-02-26T19:13:27,1.6,55.0,28.0,5810,4.9,184.0,44.0,0.014,0.013
2026-02-26T19:13:43,1.5,55.0,28.0,5810,4.9,184.0,44.0,0.008,0.008
2026-02-26T19:14:00,1.6,55.0,28.0,5810,4.9,184.0,44.0,0.018,0.021
2026-02-26T19:14:16,1.7,56.0,28.0,5740,4.8,187.0,44.0,0.011,0.008
2026-02-26T19:14:33,1.7,55.0,28.0,5810,4.9,184.0,44.0,0.015,0.014
2026-02-26T19:14:50,1.6,56.0,28.0,5810,4.9,184.0,44.0,0.012,0.011
2026-02-26T19:15:07,1.6,56.0,28.0,5810,4.9,184.0,44.0,0.01,0.009
2026-02-26T19:15:24,1.6,56.0,28.0,5810,4.9,184.0,44.0,0.014,0.013
2026-02-26T19:15:42,1.7,56.0,28.0,5810,4.9,184.0,44.0,0.018,0.019
2026-02-26T19:16:01,1.6,55.0,28.0,5810,4.9,187.0,44.0,0.011,0.01
2026-02-26T19:16:19,1.6,56.0,28.0,5810,4.9,184.0,44.0,0.009,0.009
2026-02-26T19:16:37,1.5,56.0,28.0,5740,4.9,184.0,43.0,0.011,0.011
2026-02-26T19:16:53,1.8,56.0,28.0,5740,4.9,184.0,43.0,0.014,0.015
2026-02-26T19:17:10,1.8,55.0,28.0,5740,4.9,187.0,44.0,0.015,0.017
2026-02-26T19:17:26,1.8,55.0,28.0,5810,4.9,187.0,43.0,0.016,0.014
2026-02-26T19:17:42,1.8,56.0,29.0,5810,4.9,187.0,44.0,0.012,0.012
2026-02-26T19:17:58,1.7,56.0,29.0,5810,4.9,187.0,43.0,0.013,0.012
2026-02-26T19:18:14,2.0,56.0,28.0,5810,4.9,187.0,43.0,0.012,0.014
2026-02-26T19:18:31,1.8,56.0,29.0,5740,4.9,187.0,43.0,0.014,0.014
2026-02-26T19:18:47,1.7,56.0,30.0,5740,4.9,187.0,43.0,0.008,0.008
2026-02-26T19:19:03,1.8,56.0,30.0,5810,4.9,187.0,44.0,0.013,0.012
2026-02-26T19:19:20,1.8,56.0,30.0,5810,4.9,187.0,43.0,0.015,0.014
2026-02-26T19:19:37,1.9,56.0,29.0,5740,4.9,187.0,43.0,0.009,0.008
2026-02-26T19:19:54,1.8,56.0,30.0,5810,4.9,196.0,43.0,0.013,0.011
2026-02-26T19:20:11,1.9,56.0,29.0,5740,4.9,193.0,43.0,0.015,0.017
2026-02-26T19:20:28,1.7,56.0,28.0,5810,4.9,187.0,43.0,0.014,0.013
2026-02-26T19:20:46,1.9,56.0,28.0,5810,4.9,187.0,43.0,0.012,0.012
2026-02-26T19:21:05,1.8,56.0,29.0,5810,4.9,187.0,43.0,0.012,0.011
2026-02-26T19:21:23,1.8,56.0,28.0,5810,4.9,199.0,43.0,0.013,0.012
2026-02-26T19:21:42,1.8,56.0,29.0,5810,4.9,205.0,44.0,0.009,0.007
2026-02-26T19:22:03,1.7,56.0,28.0,5740,5.0,184.0,43.0,0.014,0.015
2026-02-26T19:22:24,1.3,55.0,28.0,5740,5.0,184.0,43.0,0.013,0.011
2026-02-26T19:22:45,1.2,56.0,28.0,5810,5.0,184.0,44.0,0.008,0.007
2026-02-26T19:23:06,1.3,56.0,28.0,5810,5.0,184.0,44.0,0.015,0.018
2026-02-26T19:23:22,1.9,56.0,28.0,5810,4.9,187.0,43.0,0.012,0.013
2026-02-26T19:23:38,1.8,56.0,29.0,5810,4.9,187.0,43.0,0.009,0.008
2026-02-26T19:23:55,1.8,56.0,29.0,5740,4.9,187.0,44.0,0.012,0.011
2026-02-26T19:24:11,1.9,56.0,29.0,5810,4.9,190.0,43.0,0.01,0.008
2026-02-26T19:24:27,2.0,56.0,28.0,5740,4.9,178.0,43.0,0.015,0.014
2026-02-26T19:24:44,1.8,56.0,29.0,5810,4.9,184.0,43.0,0.01,0.009
2026-02-26T19:25:01,1.8,56.0,29.0,5810,4.9,187.0,43.0,0.012,0.011
2026-02-26T19:25:18,1.9,56.0,30.0,5740,4.9,202.0,43.0,0.011,0.01
2026-02-26T19:25:35,1.8,56.0,30.0,5810,4.9,184.0,43.0,0.012,0.011
2026-02-26T19:25:54,2.0,56.0,29.0,5810,4.9,187.0,43.0,0.02,0.022
2026-02-26T19:26:13,1.9,56.0,29.0,5810,4.9,193.0,43.0,0.013,0.015
2026-02-26T19:26:31,1.8,56.0,30.0,5810,4.9,187.0,44.0,0.012,0.012
2026-02-26T19:26:49,1.8,56.0,30.0,5810,4.9,187.0,43.0,0.008,0.007
2026-02-26T19:27:10,1.8,56.0,29.0,5740,5.0,184.0,44.0,0.014,0.015
2026-02-26T19:27:31,1.4,56.0,28.0,5810,5.0,187.0,44.0,0.012,0.011
2026-02-26T19:27:52,1.3,55.0,28.0,5740,5.0,199.0,43.0,0.011,0.01
2026-02-26T19:28:13,1.4,56.0,28.0,5810,5.0,190.0,43.0,0.009,0.008
2026-02-26T19:28:40,1.1,55.0,28.0,5810,5.1,181.0,43.0,0.017,0.015
2026-02-26T19:29:06,1.0,55.0,28.0,5810,5.1,181.0,44.0,0.01,0.008
2026-02-26T19:29:31,1.0,55.0,28.0,5810,4.9,181.0,44.0,0.015,0.016
2026-02-26T19:29:48,1.9,55.0,28.0,5810,4.9,187.0,44.0,0.009,0.007
2026-02-26T19:30:05,1.8,55.0,29.0,5740,4.9,187.0,44.0,0.013,0.011
2026-02-26T19:30:22,1.9,56.0,30.0,5740,4.9,187.0,44.0,0.015,0.013
2026-02-26T19:30:39,1.8,55.0,30.0,5740,4.9,187.0,44.0,0.01,0.008
2026-02-26T19:30:58,1.9,56.0,29.0,5740,5.0,187.0,44.0,0.016,0.016
2026-02-26T19:31:16,1.9,56.0,30.0,5810,5.0,211.0,44.0,0.008,0.007
2026-02-26T19:31:34,1.8,56.0,30.0,5810,5.0,187.0,44.0,0.014,0.013
2026-02-26T19:31:53,1.8,56.0,30.0,5740,5.0,187.0,44.0,0.012,0.011
2026-02-26T19:32:14,1.9,56.0,30.0,5810,5.0,184.0,44.0,0.017,0.02
2026-02-26T19:32:35,1.4,56.0,30.0,5810,5.0,184.0,44.0,0.013,0.011
2026-02-26T19:32:56,1.5,56.0,29.0,5810,5.0,184.0,44.0,0.011,0.009
2026-02-26T19:33:17,1.5,56.0,29.0,5810,5.0,184.0,44.0,0.009,0.008
2026-02-26T19:33:43,1.3,56.0,29.0,5810,5.1,181.0,44.0,0.014,0.015
2026-02-26T19:34:09,1.1,56.0,30.0,5810,5.1,181.0,44.0,0.01,0.009
2026-02-26T19:34:35,1.1,56.0,29.0,5810,5.1,181.0,44.0,0.015,0.011
2026-02-26T19:35:10,1.0,55.0,29.0,5810,5.3,178.0,,0.012,0.011
2026-02-26T19:35:46,0.8,54.0,30.0,5810,5.3,178.0,,0.013,0.013
2026-02-26T19:36:04,1.7,55.0,30.0,5810,5.0,187.0,44.0,0.013,0.012
2026-02-26T19:36:23,2.0,56.0,30.0,5810,5.0,187.0,44.0,0.013,0.012
2026-02-26T19:36:41,1.9,56.0,30.0,5810,5.0,187.0,44.0,0.009,0.007
2026-02-26T19:37:00,1.8,56.0,30.0,5810,5.0,187.0,44.0,0.012,0.011
2026-02-26T19:37:21,2.0,56.0,30.0,5740,5.1,211.0,44.0,0.01,0.011
2026-02-26T19:37:42,1.6,56.0,30.0,5810,5.1,184.0,44.0,0.012,0.011
2026-02-26T19:38:03,1.6,56.0,30.0,5810,5.1,184.0,44.0,0.011,0.01
2026-02-26T19:38:24,1.7,56.0,30.0,5810,5.1,184.0,44.0,0.015,0.016
2026-02-26T19:38:50,1.4,56.0,30.0,5810,5.2,181.0,45.0,0.011,0.011
2026-02-26T19:39:16,1.3,56.0,30.0,5810,5.2,181.0,45.0,0.011,0.009
2026-02-26T19:39:42,1.2,56.0,30.0,5810,4.9,181.0,44.0,0.013,0.01
2026-02-26T19:40:17,1.1,56.0,30.0,5810,5.4,181.0,,0.011,0.009
2026-02-26T19:40:52,1.0,56.0,30.0,5810,5.4,178.0,,0.012,0.009
2026-02-26T19:41:29,1.2,56.0,30.0,5810,5.8,184.0,,0.013,0.014
2026-02-26T19:42:06,1.0,56.0,30.0,5810,5.8,181.0,,0.009,0.008
2026-02-26T19:42:27,1.6,56.0,30.0,5810,5.3,184.0,45.0,0.012,0.011
2026-02-26T19:42:48,1.8,56.0,30.0,5810,5.3,184.0,45.0,0.008,0.007
2026-02-26T19:43:09,1.9,56.0,30.0,5810,5.3,184.0,45.0,0.011,0.009
2026-02-26T19:43:30,1.8,56.0,30.0,5810,5.3,184.0,45.0,0.013,0.012
2026-02-26T19:43:56,1.7,56.0,30.0,5810,5.4,184.0,45.0,0.01,0.011
2026-02-26T19:44:22,1.7,57.0,30.0,5810,5.4,190.0,45.0,0.014,0.015
2026-02-26T19:44:48,1.5,57.0,30.0,5810,5.2,184.0,45.0,0.012,0.01
2026-02-26T19:45:23,1.5,57.0,30.0,5810,5.6,181.0,,0.011,0.009
2026-02-26T19:45:58,1.2,56.0,30.0,5810,5.6,187.0,,0.01,0.008
2026-02-26T19:46:36,1.5,56.0,30.0,5810,6.0,181.0,,0.01,0.009
2026-02-26T19:47:13,1.2,56.0,30.0,5810,6.0,181.0,,0.015,0.012
2026-02-26T19:47:50,1.5,56.0,30.0,5810,6.8,181.0,,0.013,0.014
2026-02-26T19:48:27,1.4,56.0,30.0,5810,6.8,184.0,,0.009,0.008
2026-02-26T19:48:50,1.7,58.0,30.0,5740,5.5,133.0,45.0,0.01,0.01
2026-02-26T19:49:14,2.0,56.0,30.0,5810,5.5,184.0,45.0,0.011,0.009
2026-02-26T19:49:37,1.8,57.0,30.0,5810,5.5,187.0,45.0,0.013,0.011
2026-02-26T19:49:57,2.0,57.0,30.0,5810,4.2,184.0,45.0,0.011,0.009
2026-02-26T19:50:27,1.9,58.0,30.0,5810,5.7,193.0,45.0,0.013,0.015
2026-02-26T19:50:57,1.6,57.0,30.0,5810,5.7,184.0,45.0,0.01,0.009
2026-02-26T19:51:14,1.9,58.0,30.0,5810,4.1,205.0,45.0,0.009,0.008
2026-02-26T19:51:51,1.5,57.0,30.0,5810,6.0,184.0,,0.012,0.013
2026-02-26T19:52:29,1.4,57.0,30.0,5810,6.0,205.0,,0.008,0.007
2026-02-26T19:53:06,1.6,57.0,30.0,5810,6.6,181.0,,0.011,0.01
2026-02-26T19:53:43,1.7,57.0,30.0,5810,6.6,181.0,,0.012,0.012
2026-02-26T19:54:20,1.8,57.0,30.0,5810,7.8,181.0,,0.01,0.009
2026-02-26T19:54:57,1.6,57.0,30.0,5810,7.8,184.0,,0.01,0.008
2026-02-26T19:55:13,1.3,56.0,30.0,5810,4.0,145.0,44.0,0.01,0.009
2026-02-26T19:55:29,0.4,53.0,30.0,5670,4.0,124.0,44.0,0.015,0.014
2026-02-26T19:55:45,0.3,52.0,28.0,5171,4.0,121.0,45.0,0.009,0.009
2026-02-26T19:56:01,0.3,51.0,28.0,4970,4.0,121.0,44.0,0.012,0.012
2026-02-26T19:56:16,0.5,51.0,29.0,4970,4.0,118.0,45.0,0.016,0.02
2026-02-26T19:56:32,0.4,50.0,29.0,4628,4.0,121.0,45.0,0.02,0.019
2026-02-26T19:56:48,0.3,50.0,29.0,4261,4.0,121.0,45.0,0.012,0.012
2026-02-26T19:57:04,0.3,49.0,29.0,4340,4.0,118.0,45.0,0.009,0.008
2026-02-26T19:57:19,0.4,48.0,29.0,4340,4.0,115.0,45.0,0.013,0.014
2026-02-26T19:57:35,0.4,48.0,29.0,4060,4.0,115.0,45.0,0.009,0.008
2026-02-26T19:57:51,0.3,48.0,30.0,4060,4.0,142.0,46.0,0.012,0.012
2026-02-26T19:58:06,0.3,48.0,29.0,4060,4.0,121.0,46.0,0.008,0.009
2026-02-26T19:58:22,0.5,48.0,30.0,4060,4.0,121.0,46.0,0.016,0.014
2026-02-26T19:58:38,0.3,48.0,30.0,4060,4.0,121.0,46.0,0.009,0.009
2026-02-26T19:58:54,0.4,48.0,30.0,4060,4.0,118.0,47.0,0.011,0.011
2026-02-26T19:59:09,0.5,48.0,30.0,4060,4.0,148.0,46.0,0.015,0.018
2026-02-26T19:59:25,0.5,48.0,30.0,4060,4.0,124.0,47.0,0.015,0.014
2026-02-26T19:59:41,0.3,48.0,30.0,4060,4.0,178.0,47.0,0.009,0.009
2026-02-26T19:59:57,0.4,47.0,30.0,3850,4.0,118.0,47.0,0.012,0.012
2026-02-26T20:00:15,0.9,49.0,30.0,3815,4.9,163.0,47.0,0.012,0.013
2026-02-26T20:00:32,1.0,50.0,31.0,3815,4.9,163.0,47.0,0.013,0.013
2026-02-26T20:00:50,1.0,51.0,30.0,3815,4.9,163.0,48.0,0.011,0.011
2026-02-26T20:01:08,1.0,53.0,31.0,4060,4.9,166.0,48.0,0.008,0.007
2026-02-26T20:01:24,1.1,54.0,31.0,4340,4.5,166.0,48.0,0.013,0.013
2026-02-26T20:01:42,1.1,55.0,31.0,4690,4.9,172.0,48.0,0.009,0.008
2026-02-26T20:01:59,0.8,56.0,31.0,4690,4.9,169.0,47.0,0.011,0.01
2026-02-26T20:02:17,1.0,56.0,31.0,4970,4.9,172.0,47.0,0.013,0.016
2026-02-26T20:02:35,0.9,56.0,31.0,5180,4.9,193.0,47.0,0.013,0.013
2026-02-26T20:02:54,1.1,56.0,32.0,5600,4.9,163.0,47.0,0.014,0.015
2026-02-26T20:03:12,0.9,56.0,32.0,5530,4.9,178.0,46.0,0.008,0.008
2026-02-26T20:03:30,0.9,55.0,32.0,5530,4.9,160.0,46.0,0.013,0.012
2026-02-26T20:03:48,0.8,55.0,32.0,5600,4.9,160.0,46.0,0.008,0.008
2026-02-26T20:04:08,1.1,55.0,32.0,5530,4.9,172.0,46.0,0.014,0.015
2026-02-26T20:04:27,0.9,54.0,32.0,5530,4.9,160.0,46.0,0.016,0.013
2026-02-26T20:04:47,0.8,54.0,32.0,5530,4.9,172.0,46.0,0.01,0.008
2026-02-26T20:05:06,0.8,54.0,32.0,5530,4.9,172.0,45.0,0.011,0.01
2026-02-26T20:05:28,1.1,54.0,32.0,5530,4.9,175.0,45.0,0.02,0.024
2026-02-26T20:05:50,0.8,54.0,32.0,5530,4.9,175.0,45.0,0.007,0.007
2026-02-26T20:06:11,0.9,54.0,32.0,5530,4.9,175.0,45.0,0.01,0.009
2026-02-26T20:06:29,1.0,54.0,32.0,5530,4.3,163.0,45.0,0.017,0.016
2026-02-26T20:06:46,1.2,54.0,32.0,5600,4.9,175.0,45.0,0.008,0.008
2026-02-26T20:07:04,1.1,54.0,32.0,5530,4.9,175.0,45.0,0.011,0.011
2026-02-26T20:07:21,1.2,54.0,31.0,5530,4.9,181.0,45.0,0.013,0.013
2026-02-26T20:07:39,1.1,54.0,31.0,5600,4.9,172.0,45.0,0.008,0.008
2026-02-26T20:07:57,1.3,54.0,31.0,5530,4.9,178.0,45.0,0.014,0.015
2026-02-26T20:08:16,1.1,54.0,31.0,5530,4.9,166.0,45.0,0.013,0.017
2026-02-26T20:08:34,1.0,54.0,31.0,5530,4.9,175.0,44.0,0.012,0.013
2026-02-26T20:08:52,1.0,54.0,31.0,5530,4.9,166.0,44.0,0.011,0.01
2026-02-26T20:09:12,1.2,54.0,31.0,5600,4.9,172.0,44.0,0.012,0.012
2026-02-26T20:09:31,1.0,54.0,31.0,5530,4.9,175.0,44.0,0.013,0.012
2026-02-26T20:09:51,0.9,54.0,31.0,5530,4.9,175.0,44.0,0.009,0.008
2026-02-26T20:10:10,1.0,54.0,31.0,5530,4.9,166.0,44.0,0.011,0.01
2026-02-26T20:10:32,1.2,53.0,31.0,5530,4.9,163.0,44.0,0.017,0.017
2026-02-26T20:10:54,0.9,53.0,31.0,5180,4.9,175.0,44.0,0.01,0.009
2026-02-26T20:11:15,1.0,54.0,31.0,5180,4.9,166.0,44.0,0.007,0.007
2026-02-26T20:11:34,1.0,54.0,31.0,5180,4.9,172.0,44.0,0.016,0.018
2026-02-26T20:11:55,1.4,54.0,31.0,5180,4.9,154.0,44.0,0.011,0.011
2026-02-26T20:12:17,1.3,54.0,31.0,5180,4.9,166.0,44.0,0.008,0.007
2026-02-26T20:12:38,1.2,54.0,31.0,5180,4.9,169.0,44.0,0.012,0.011
2026-02-26T20:12:57,1.5,54.0,31.0,5180,4.9,178.0,44.0,0.015,0.016
2026-02-26T20:13:15,1.4,54.0,31.0,5180,4.9,169.0,44.0,0.008,0.008
2026-02-26T20:13:34,1.4,55.0,31.0,5180,4.9,169.0,44.0,0.014,0.014
2026-02-26T20:13:52,1.3,55.0,31.0,5180,4.9,172.0,44.0,0.011,0.011
2026-02-26T20:14:12,1.6,56.0,31.0,5180,4.9,166.0,44.0,0.009,0.008
2026-02-26T20:14:31,1.2,55.0,31.0,5180,4.9,154.0,45.0,0.02,0.024
2026-02-26T20:14:50,1.2,56.0,31.0,5180,4.9,175.0,44.0,0.009,0.008
2026-02-26T20:15:10,1.2,56.0,31.0,5180,4.9,154.0,44.0,0.011,0.01
2026-02-26T20:15:31,1.4,57.0,31.0,5162,4.9,175.0,45.0,0.014,0.016
2026-02-26T20:15:53,1.1,56.0,31.0,5180,4.9,160.0,45.0,0.011,0.01
2026-02-26T20:16:14,1.2,56.0,31.0,5180,4.9,163.0,45.0,0.007,0.007
2026-02-26T20:16:36,1.1,56.0,31.0,5180,4.9,169.0,45.0,0.019,0.017
2026-02-26T20:16:58,1.6,56.0,31.0,5180,4.9,175.0,45.0,0.012,0.013
2026-02-26T20:17:21,1.5,57.0,31.0,5180,4.9,193.0,45.0,0.012,0.014
2026-02-26T20:17:42,1.5,56.0,31.0,5180,4.9,160.0,45.0,0.012,0.011
2026-02-26T20:18:06,1.7,57.0,31.0,5180,4.9,193.0,45.0,0.012,0.013
2026-02-26T20:18:30,1.5,56.0,31.0,5180,4.9,175.0,45.0,0.011,0.011
2026-02-26T20:18:52,1.5,57.0,31.0,5180,4.9,202.0,45.0,0.008,0.007
2026-02-26T20:19:12,1.7,56.0,31.0,5180,4.9,178.0,45.0,0.011,0.009
2026-02-26T20:19:37,1.4,57.0,32.0,5180,4.9,163.0,45.0,0.013,0.012
2026-02-26T20:19:56,1.4,57.0,32.0,5180,4.9,184.0,45.0,0.01,0.009
2026-02-26T20:20:15,1.6,57.0,32.0,5180,4.9,181.0,45.0,0.009,0.008
2026-02-26T20:20:42,1.5,57.0,32.0,5530,4.9,172.0,45.0,0.02,0.024
2026-02-26T20:21:06,1.2,56.0,32.0,5530,4.9,175.0,45.0,0.009,0.008
2026-02-26T20:21:28,1.5,56.0,32.0,5530,4.9,160.0,45.0,0.011,0.01
2026-02-26T20:21:45,1.5,56.0,32.0,5530,4.5,175.0,45.0,0.008,0.007
2026-02-26T20:22:11,1.6,56.0,32.0,5530,4.9,169.0,45.0,0.012,0.011
2026-02-26T20:22:33,1.8,56.0,32.0,5530,4.9,184.0,45.0,0.012,0.01
2026-02-26T20:22:54,1.9,56.0,32.0,5530,4.9,196.0,45.0,0.01,0.009
2026-02-26T20:23:18,2.0,56.0,32.0,5530,4.9,184.0,45.0,0.01,0.011
2026-02-26T20:23:39,1.7,56.0,32.0,5530,4.9,178.0,45.0,0.015,0.017
2026-02-26T20:24:01,2.0,56.0,32.0,5530,4.9,175.0,45.0,0.01,0.01
2026-02-26T20:24:18,2.2,56.0,32.0,5530,4.1,181.0,45.0,0.01,0.009
2026-02-26T20:24:43,1.8,56.0,32.0,5530,4.9,181.0,45.0,0.013,0.012
2026-02-26T20:25:05,1.9,56.0,32.0,5530,4.9,184.0,45.0,0.01,0.009
2026-02-26T20:25:27,2.1,56.0,32.0,5530,4.9,187.0,45.0,0.012,0.011
2026-02-26T20:25:54,1.7,56.0,32.0,5530,5.0,175.0,45.0,0.01,0.011
2026-02-26T20:26:16,1.7,56.0,32.0,5530,5.0,184.0,45.0,0.009,0.008
2026-02-26T20:26:38,1.8,56.0,32.0,5530,5.0,190.0,45.0,0.021,0.023
2026-02-26T20:27:04,1.9,57.0,32.0,5530,5.0,187.0,45.0,0.012,0.013
2026-02-26T20:27:28,1.9,56.0,32.0,5530,5.0,166.0,45.0,0.011,0.01
2026-02-26T20:27:50,2.3,57.0,32.0,5530,5.0,175.0,45.0,0.007,0.007
2026-02-26T20:28:07,2.4,57.0,32.0,5530,4.0,184.0,45.0,0.011,0.01
2026-02-26T20:28:34,1.9,57.0,32.0,5530,5.0,172.0,45.0,0.015,0.014
2026-02-26T20:28:56,2.2,57.0,32.0,5530,5.0,181.0,45.0,0.01,0.008
2026-02-26T20:29:18,2.5,57.0,32.0,5600,5.0,175.0,45.0,0.008,0.007
2026-02-26T20:29:44,2.1,57.0,32.0,5810,5.0,187.0,45.0,0.02,0.022
2026-02-26T20:30:07,2.1,57.0,32.0,5810,5.0,172.0,45.0,0.01,0.009
2026-02-26T20:30:28,2.6,58.0,32.0,5810,5.0,181.0,45.0,0.012,0.011
2026-02-26T20:30:55,2.0,57.0,32.0,5810,5.0,187.0,45.0,0.01,0.011
2026-02-26T20:31:18,1.5,58.0,32.0,5810,5.0,187.0,44.0,0.01,0.008
2026-02-26T20:31:41,1.8,58.0,32.0,5810,5.0,190.0,45.0,0.011,0.011
2026-02-26T20:31:58,1.9,58.0,32.0,5810,4.1,184.0,45.0,0.01,0.01
2026-02-26T20:32:24,2.2,58.0,32.0,5810,5.2,193.0,44.0,0.008,0.008
2026-02-26T20:32:46,2.5,58.0,32.0,5740,5.2,175.0,44.0,0.014,0.015
2026-02-26T20:33:08,2.7,57.0,32.0,5810,5.2,178.0,45.0,0.011,0.01
2026-02-26T20:33:34,2.4,57.0,32.0,5810,5.2,175.0,45.0,0.013,0.014
2026-02-26T20:33:57,2.3,57.0,32.0,5740,5.2,181.0,44.0,0.01,0.009
2026-02-26T20:34:19,2.8,58.0,32.0,5810,5.2,202.0,44.0,0.008,0.007
2026-02-26T20:34:46,2.4,57.0,32.0,5740,5.2,184.0,44.0,0.017,0.015
2026-02-26T20:35:09,2.2,57.0,32.0,5810,5.2,178.0,44.0,0.009,0.008
2026-02-26T20:35:32,2.8,58.0,32.0,5810,5.2,172.0,44.0,0.016,0.018
2026-02-26T20:35:48,2.7,58.0,32.0,5810,4.2,199.0,44.0,0.01,0.009
2026-02-26T20:36:16,1.8,58.0,32.0,5740,5.2,187.0,44.0,0.008,0.008
2026-02-26T20:36:39,1.9,58.0,32.0,5810,5.2,187.0,44.0,0.01,0.009
2026-02-26T20:37:01,2.1,58.0,32.0,5810,5.2,187.0,44.0,0.015,0.014
2026-02-26T20:37:29,1.9,58.0,32.0,6090,5.2,193.0,44.0,0.011,0.012
2026-02-26T20:37:52,1.8,58.0,32.0,6090,5.2,196.0,44.0,0.009,0.008
2026-02-26T20:38:14,2.1,58.0,32.0,6020,5.2,193.0,44.0,0.009,0.01
2026-02-26T20:38:41,2.3,58.0,32.0,6090,5.4,187.0,44.0,0.017,0.019
2026-02-26T20:39:04,2.4,57.0,32.0,6090,5.4,190.0,44.0,0.009,0.008
2026-02-26T20:39:26,3.0,57.0,32.0,6090,5.4,184.0,44.0,0.012,0.011
2026-02-26T20:39:52,2.4,58.0,32.0,6090,5.4,187.0,44.0,0.008,0.007
2026-02-26T20:40:17,2.2,57.0,32.0,6090,5.4,181.0,44.0,0.009,0.009
2026-02-26T20:40:39,2.9,57.0,32.0,6090,5.4,178.0,44.0,0.012,0.011
2026-02-26T20:40:57,2.8,56.0,32.0,6020,4.9,202.0,44.0,0.01,0.01
2026-02-26T20:41:23,1.9,56.0,32.0,6020,5.4,190.0,44.0,0.01,0.012
2026-02-26T20:41:45,1.9,57.0,31.0,6090,5.4,190.0,44.0,0.014,0.016
2026-02-26T20:42:08,2.1,56.0,32.0,6090,5.4,205.0,44.0,0.01,0.01
2026-02-26T20:42:36,2.1,57.0,32.0,6090,5.4,208.0,44.0,0.013,0.014
2026-02-26T20:42:58,1.9,57.0,32.0,6090,5.4,190.0,44.0,0.01,0.008
2026-02-26T20:43:20,2.3,57.0,32.0,6090,5.4,190.0,44.0,0.007,0.007
2026-02-26T20:43:48,2.1,57.0,32.0,6090,5.5,190.0,44.0,0.013,0.014
2026-02-26T20:44:12,1.8,57.0,32.0,6020,5.5,190.0,44.0,0.009,0.008
2026-02-26T20:44:35,2.4,57.0,32.0,6090,5.5,196.0,44.0,0.017,0.018
2026-02-26T20:44:51,2.3,57.0,32.0,6090,4.1,193.0,44.0,0.01,0.01
2026-02-26T20:45:07,3.5,57.0,31.0,6020,4.9,193.0,44.0,0.009,0.009
2026-02-26T20:45:22,3.7,57.0,31.0,6020,4.9,193.0,44.0,0.014,0.014
2026-02-26T20:45:38,3.6,58.0,30.0,6090,4.9,193.0,44.0,0.008,0.008
2026-02-26T20:45:54,3.5,58.0,30.0,6090,4.9,196.0,44.0,0.012,0.012
2026-02-26T20:46:10,3.7,59.0,30.0,6020,4.9,181.0,44.0,0.012,0.014
2026-02-26T20:46:26,4.4,58.0,30.0,6020,4.9,205.0,44.0,0.017,0.015
2026-02-26T20:46:41,4.4,58.0,30.0,6090,4.9,199.0,44.0,0.008,0.008
2026-02-26T20:46:57,4.4,58.0,30.0,6020,4.9,199.0,44.0,0.019,0.019
2026-02-26T20:47:13,4.4,59.0,30.0,6090,4.9,199.0,44.0,0.008,0.008
2026-02-26T20:47:29,4.9,60.0,31.0,6090,4.9,205.0,44.0,0.023,0.029
2026-02-26T20:47:45,5.7,59.0,31.0,6020,4.9,211.0,45.0,0.008,0.008
2026-02-26T20:48:00,5.6,60.0,31.0,6090,4.9,208.0,45.0,0.012,0.012
2026-02-26T20:48:16,5.8,60.0,32.0,6090,4.9,205.0,45.0,0.01,0.011
2026-02-26T20:48:32,5.7,60.0,32.0,6090,4.9,205.0,45.0,0.012,0.012
2026-02-26T20:48:48,6.0,61.0,32.0,6020,4.9,211.0,45.0,0.015,0.017
2026-02-26T20:49:04,6.7,60.0,33.0,6370,4.9,214.0,45.0,0.009,0.008
2026-02-26T20:49:20,7.0,60.0,33.0,6370,4.9,211.0,45.0,0.015,0.014
2026-02-26T20:49:36,6.7,61.0,33.0,6370,4.9,214.0,45.0,0.01,0.009
2026-02-26T20:49:51,6.7,60.0,33.0,6370,4.9,214.0,45.0,0.013,0.012
2026-02-26T20:50:07,6.6,62.0,33.0,6370,4.9,214.0,45.0,0.011,0.013
2026-02-26T20:50:23,7.0,61.0,33.0,6650,4.9,220.0,45.0,0.021,0.024
2026-02-26T20:50:39,7.0,61.0,33.0,6650,4.9,220.0,45.0,0.008,0.008
2026-02-26T20:50:55,6.9,61.0,33.0,6650,4.9,217.0,45.0,0.012,0.012
2026-02-26T20:51:11,7.0,61.0,33.0,6650,4.9,220.0,45.0,0.009,0.008
2026-02-26T20:51:27,6.3,61.0,33.0,6650,4.9,208.0,44.0,0.014,0.014
2026-02-26T20:51:43,6.3,60.0,32.0,6650,4.9,211.0,44.0,0.008,0.008
2026-02-26T20:51:58,6.4,60.0,32.0,6650,4.9,208.0,44.0,0.013,0.012
2026-02-26T20:52:14,6.4,60.0,31.0,6650,4.9,211.0,44.0,0.008,0.008
2026-02-26T20:52:30,6.2,61.0,31.0,6650,4.9,184.0,44.0,0.017,0.016
2026-02-26T20:52:46,7.5,60.0,32.0,6650,4.9,214.0,44.0,0.011,0.013
2026-02-26T20:53:02,7.6,60.0,32.0,6650,4.9,223.0,44.0,0.012,0.012
2026-02-26T20:53:18,7.6,60.0,32.0,6650,4.9,214.0,44.0,0.014,0.015
2026-02-26T20:53:33,7.7,60.0,32.0,6650,4.9,214.0,44.0,0.013,0.014
2026-02-26T20:53:49,7.5,61.0,32.0,6650,4.9,220.0,44.0,0.015,0.017
2026-02-26T20:54:05,8.8,60.0,33.0,6650,4.9,220.0,45.0,0.008,0.008
2026-02-26T20:54:21,9.0,60.0,33.0,6650,4.9,220.0,45.0,0.016,0.015
2026-02-26T20:54:37,8.8,60.0,33.0,6650,4.9,220.0,45.0,0.009,0.009
2026-02-26T20:54:53,8.8,60.0,33.0,6650,4.9,220.0,45.0,0.013,0.012
2026-02-26T20:55:09,8.4,61.0,33.0,6650,4.9,217.0,45.0,0.012,0.014
2026-02-26T20:55:25,9.1,60.0,33.0,6650,4.9,220.0,45.0,0.015,0.014
2026-02-26T20:55:41,9.0,60.0,33.0,6650,4.9,220.0,45.0,0.008,0.008
2026-02-26T20:55:57,9.0,60.0,33.0,6650,4.9,220.0,45.0,0.012,0.012
2026-02-26T20:56:13,9.0,60.0,33.0,6650,4.9,220.0,45.0,0.008,0.008
2026-02-26T20:56:29,10.4,61.0,33.0,6650,4.9,226.0,45.0,0.023,0.029
2026-02-26T20:56:45,11.6,61.0,33.0,6650,4.9,229.0,45.0,0.009,0.008
2026-02-26T20:57:01,11.7,61.0,33.0,6650,4.9,226.0,45.0,0.019,0.019
2026-02-26T20:57:17,11.8,61.0,33.0,6650,4.9,229.0,45.0,0.01,0.01
2026-02-26T20:57:33,11.8,61.0,33.0,6650,4.9,229.0,45.0,0.012,0.012
2026-02-26T20:57:48,8.6,61.0,33.0,6650,4.9,220.0,45.0,0.012,0.012
2026-02-26T20:58:04,9.2,61.0,33.0,6650,4.9,220.0,45.0,0.009,0.009
2026-02-26T20:58:20,9.3,61.0,33.0,6650,4.9,220.0,45.0,0.016,0.016
2026-02-26T20:58:36,9.3,61.0,33.0,6650,4.9,220.0,45.0,0.009,0.008
2026-02-26T20:58:52,8.8,62.0,33.0,6650,4.9,187.0,44.0,0.013,0.013
2026-02-26T20:59:08,10.5,61.0,33.0,6650,4.9,223.0,45.0,0.012,0.013
2026-02-26T20:59:24,10.7,61.0,33.0,6650,4.9,223.0,45.0,0.021,0.024
2026-02-26T20:59:39,10.6,61.0,33.0,6650,4.9,223.0,45.0,0.009,0.009
2026-02-26T20:59:55,10.5,61.0,33.0,6650,4.9,223.0,45.0,0.013,0.012
2026-02-26T21:00:11,10.1,62.0,33.0,6650,4.9,220.0,45.0,0.013,0.014
2026-02-26T21:00:27,11.0,62.0,33.0,6650,4.9,223.0,45.0,0.014,0.014
2026-02-26T21:00:43,11.0,61.0,33.0,6650,4.9,226.0,45.0,0.008,0.008
2026-02-26T21:00:59,11.0,61.0,33.0,6650,4.9,223.0,45.0,0.013,0.012
2026-02-26T21:01:15,11.0,61.0,33.0,6650,4.9,223.0,45.0,0.008,0.008
2026-02-26T21:01:31,12.6,63.0,33.0,6860,4.9,238.0,45.0,0.017,0.018
2026-02-26T21:01:47,15.9,62.0,33.0,6860,4.9,238.0,45.0,0.009,0.009
2026-02-26T21:02:03,15.8,62.0,33.0,6860,4.9,238.0,45.0,0.011,0.012
2026-02-26T21:02:19,15.8,62.0,33.0,6860,4.9,238.0,45.0,0.013,0.014
2026-02-26T21:02:35,13.3,62.0,34.0,6860,4.9,232.0,44.0,0.015,0.018
2026-02-26T21:02:52,13.9,63.0,33.0,6860,4.9,235.0,45.0,0.015,0.016
2026-02-26T21:03:08,13.8,63.0,33.0,6860,4.9,235.0,44.0,0.009,0.01
2026-02-26T21:03:24,15.9,63.0,33.0,6860,4.9,241.0,44.0,0.013,0.013
2026-02-26T21:03:40,15.7,63.0,33.0,6860,4.9,238.0,44.0,0.008,0.008
2026-02-26T21:03:56,14.2,62.0,33.0,6860,4.9,238.0,44.0,0.013,0.012
2026-02-26T21:04:12,10.9,62.0,33.0,7210,4.9,232.0,44.0,0.009,0.009
2026-02-26T21:04:28,11.1,62.0,33.0,7210,4.9,232.0,45.0,0.017,0.015
2026-02-26T21:04:43,11.1,62.0,33.0,7210,4.9,232.0,44.0,0.009,0.009
2026-02-26T21:04:59,11.1,62.0,33.0,7210,4.9,232.0,44.0,0.013,0.013
2026-02-26T21:05:15,10.6,62.0,33.0,7210,4.9,193.0,44.0,0.012,0.013
2026-02-26T21:05:32,11.8,61.0,33.0,7210,4.9,235.0,44.0,0.02,0.024
2026-02-26T21:05:48,11.8,61.0,33.0,7210,4.9,241.0,44.0,0.011,0.011
2026-02-26T21:06:04,11.9,61.0,33.0,7210,4.9,247.0,44.0,0.008,0.009
2026-02-26T21:06:19,12.0,61.0,33.0,7210,4.9,235.0,45.0,0.013,0.014
2026-02-26T21:06:35,13.5,61.0,33.0,7210,4.9,244.0,44.0,0.011,0.013
2026-02-26T21:06:51,17.3,61.0,33.0,7210,4.9,244.0,44.0,0.012,0.012
2026-02-26T21:07:07,17.3,61.0,33.0,7210,4.9,244.0,44.0,0.016,0.015
2026-02-26T21:07:23,17.6,62.0,34.0,7210,4.9,244.0,44.0,0.014,0.014
2026-02-26T21:07:39,17.4,62.0,33.0,7210,4.9,244.0,44.0,0.008,0.008
2026-02-26T21:07:55,16.5,62.0,33.0,7210,4.9,244.0,44.0,0.019,0.021
2026-02-26T21:08:11,17.9,62.0,33.0,7210,4.9,244.0,44.0,0.009,0.01
2026-02-26T21:08:27,18.0,62.0,33.0,7210,4.9,250.0,44.0,0.02,0.025
2026-02-26T21:08:43,17.9,62.0,33.0,7210,4.9,247.0,44.0,0.008,0.008
2026-02-26T21:08:59,17.9,62.0,33.0,7210,4.9,244.0,44.0,0.012,0.012
2026-02-26T21:09:15,17.2,63.0,33.0,7210,5.0,247.0,44.0,0.01,0.009
2026-02-26T21:09:31,18.6,63.0,33.0,7192,5.0,250.0,44.0,0.015,0.014
2026-02-26T21:09:47,18.5,63.0,34.0,7201,5.0,247.0,44.0,0.009,0.009
2026-02-26T21:10:03,18.6,63.0,33.0,7210,5.0,250.0,44.0,0.013,0.012
2026-02-26T21:10:19,16.8,64.0,33.0,7210,5.0,223.0,44.0,0.019,0.019
2026-02-26T21:10:35,12.3,62.0,33.0,7210,5.0,235.0,44.0,0.009,0.008
2026-02-26T21:10:51,12.4,62.0,34.0,7210,5.0,235.0,44.0,0.012,0.012
2026-02-26T21:11:07,12.4,62.0,33.0,7210,5.0,235.0,44.0,0.009,0.009
2026-02-26T21:11:23,12.6,62.0,33.0,7210,5.0,235.0,44.0,0.013,0.014
2026-02-26T21:11:39,13.1,62.0,33.0,7210,5.0,244.0,44.0,0.015,0.018
2026-02-26T21:11:55,17.3,62.0,33.0,7183,5.0,247.0,44.0,0.012,0.012
2026-02-26T21:12:11,18.1,62.0,33.0,7210,5.0,244.0,44.0,0.009,0.009
2026-02-26T21:12:27,18.1,62.0,33.0,7210,5.0,244.0,44.0,0.013,0.014
2026-02-26T21:12:43,18.1,62.0,34.0,7210,5.0,247.0,44.0,0.008,0.008
2026-02-26T21:12:59,17.0,63.0,33.0,7192,5.0,244.0,44.0,0.015,0.017
2026-02-26T21:13:15,18.6,63.0,33.0,7192,5.0,247.0,44.0,0.009,0.009
2026-02-26T21:13:31,18.8,63.0,33.0,7210,5.0,247.0,44.0,0.013,0.013
2026-02-26T21:13:47,18.7,63.0,33.0,7192,5.0,247.0,44.0,0.009,0.008
2026-02-26T21:14:03,18.6,63.0,33.0,7210,5.0,247.0,44.0,0.012,0.012
2026-02-26T21:14:19,17.8,63.0,33.0,7210,5.0,247.0,44.0,0.018,0.019
2026-02-26T21:14:35,19.3,63.0,33.0,7210,5.0,247.0,44.0,0.016,0.019
2026-02-26T21:14:51,19.3,63.0,33.0,7210,5.0,247.0,44.0,0.012,0.012
2026-02-26T21:15:07,19.2,64.0,33.0,7210,5.0,247.0,44.0,0.009,0.009
2026-02-26T21:15:23,18.1,63.0,33.0,7210,5.0,250.0,44.0,0.015,0.014
2026-02-26T21:15:39,16.9,65.0,33.0,8050,5.0,277.0,44.0,0.008,0.008
2026-02-26T21:15:55,17.0,65.0,33.0,8050,5.0,277.0,44.0,0.012,0.012
2026-02-26T21:16:11,17.0,65.0,33.0,8050,5.1,277.0,44.0,0.008,0.008
2026-02-26T21:16:27,17.1,66.0,33.0,8050,5.0,277.0,44.0,0.016,0.014
2026-02-26T21:16:43,16.0,64.0,33.0,8050,5.2,208.0,44.0,0.012,0.013
2026-02-26T21:16:59,18.6,64.0,33.0,8050,5.2,259.0,44.0,0.018,0.019
2026-02-26T21:17:15,18.6,63.0,33.0,8050,5.2,259.0,43.0,0.008,0.008
2026-02-26T21:17:31,18.7,63.0,33.0,8050,5.2,259.0,43.0,0.02,0.025
2026-02-26T21:17:47,18.7,63.0,33.0,8050,5.2,262.0,44.0,0.008,0.008
2026-02-26T21:18:03,17.3,63.0,33.0,8050,5.2,259.0,43.0,0.015,0.017
2026-02-26T21:18:19,19.2,62.0,33.0,8050,5.2,262.0,44.0,0.014,0.015
2026-02-26T21:18:35,19.2,62.0,33.0,8050,5.2,259.0,44.0,0.008,0.008
2026-02-26T21:18:51,19.2,62.0,33.0,8050,5.2,262.0,43.0,0.012,0.012
2026-02-26T21:19:07,19.1,61.0,33.0,8050,5.2,262.0,44.0,0.01,0.009
2026-02-26T21:19:23,18.0,61.0,34.0,7700,5.2,259.0,43.0,0.017,0.019
2026-02-26T21:19:39,19.9,61.0,33.0,7700,5.2,271.0,44.0,0.009,0.009
2026-02-26T21:19:55,19.9,61.0,33.0,7700,5.2,259.0,43.0,0.013,0.012
2026-02-26T21:20:11,19.8,62.0,33.0,7700,5.2,259.0,43.0,0.009,0.009
2026-02-26T21:20:27,20.0,62.0,33.0,7700,5.2,259.0,43.0,0.019,0.02
2026-02-26T21:20:43,17.6,63.0,33.0,7700,5.2,280.0,44.0,0.011,0.013
2026-02-26T21:20:59,19.0,64.0,33.0,7700,5.2,277.0,44.0,0.012,0.012
2026-02-26T21:21:15,19.1,65.0,33.0,7700,5.2,283.0,44.0,0.009,0.008
2026-02-26T21:21:31,19.2,66.0,33.0,7700,5.2,277.0,44.0,0.013,0.014
2026-02-26T21:21:48,17.8,66.0,33.0,8050,5.3,208.0,43.0,0.012,0.014
2026-02-26T21:22:04,19.0,66.0,33.0,8050,5.3,283.0,44.0,0.012,0.012
2026-02-26T21:22:20,19.3,67.0,33.0,8050,5.3,283.0,44.0,0.016,0.014
2026-02-26T21:22:36,19.0,67.0,33.0,8050,5.3,280.0,44.0,0.009,0.008
2026-02-26T21:22:52,19.0,67.0,33.0,8050,5.3,280.0,43.0,0.013,0.012
2026-02-26T21:23:08,17.2,66.0,33.0,8050,5.4,262.0,43.0,0.012,0.014
2026-02-26T21:23:24,19.3,65.0,33.0,8050,5.4,262.0,44.0,0.014,0.015
2026-02-26T21:23:40,19.4,64.0,33.0,8050,5.4,262.0,43.0,0.012,0.014
2026-02-26T21:23:56,19.5,64.0,33.0,8050,5.4,262.0,44.0,0.012,0.012
2026-02-26T21:24:12,19.5,64.0,33.0,8050,5.4,262.0,43.0,0.01,0.009
2026-02-26T21:24:28,17.6,62.0,33.0,8050,5.4,259.0,43.0,0.018,0.019
2026-02-26T21:24:44,19.5,62.0,33.0,8050,5.4,262.0,43.0,0.009,0.008
2026-02-26T21:25:00,19.8,62.0,33.0,8050,5.4,262.0,43.0,0.013,0.012
2026-02-26T21:25:16,20.0,62.0,33.0,8050,5.4,262.0,43.0,0.011,0.01
2026-02-26T21:25:32,19.8,62.0,33.0,8050,5.4,262.0,44.0,0.013,0.013
2026-02-26T21:25:48,17.9,64.0,33.0,7700,5.5,280.0,44.0,0.015,0.017
2026-02-26T21:26:05,19.4,65.0,33.0,7700,5.5,280.0,44.0,0.009,0.009
2026-02-26T21:26:21,19.9,66.0,33.0,7700,5.5,280.0,44.0,0.013,0.014
2026-02-26T21:26:37,19.7,67.0,33.0,8050,5.5,286.0,44.0,0.015,0.018
2026-02-26T21:26:52,19.4,67.0,33.0,8050,4.4,286.0,43.0,0.012,0.012
2026-02-26T21:27:08,18.4,67.0,33.0,8050,5.5,289.0,44.0,0.016,0.016
2026-02-26T21:27:24,20.3,67.0,33.0,8050,5.5,286.0,44.0,0.014,0.014
2026-02-26T21:27:41,19.8,68.0,33.0,8330,5.5,304.0,43.0,0.008,0.008
2026-02-26T21:27:57,20.1,68.0,33.0,8330,5.5,292.0,43.0,0.013,0.012
2026-02-26T21:28:13,18.4,66.0,33.0,8330,5.5,214.0,43.0,0.012,0.014
2026-02-26T21:28:29,20.2,67.0,33.0,8330,5.5,289.0,43.0,0.016,0.014
2026-02-26T21:28:45,20.2,68.0,33.0,8330,5.5,289.0,43.0,0.009,0.008
2026-02-26T21:29:01,19.9,68.0,33.0,8330,5.5,289.0,43.0,0.012,0.012
2026-02-26T21:29:17,20.2,68.0,33.0,8330,5.5,292.0,43.0,0.012,0.011
2026-02-26T21:29:33,11.9,64.0,32.0,8330,4.9,217.0,43.0,0.019,0.022
2026-02-26T21:29:50,1.7,62.0,32.0,8032,4.9,211.0,42.0,0.012,0.012
2026-02-26T21:30:06,1.7,60.0,31.0,7350,4.9,202.0,42.0,0.009,0.009
2026-02-26T21:30:22,1.8,59.0,31.0,7148,4.9,196.0,42.0,0.015,0.014
2026-02-26T21:30:38,1.7,58.0,31.0,6501,4.9,196.0,42.0,0.008,0.008
2026-02-26T21:30:55,1.1,56.0,31.0,5950,4.9,148.0,42.0,0.015,0.017
2026-02-26T21:31:11,1.6,56.0,31.0,6370,4.9,184.0,43.0,0.009,0.008
2026-02-26T21:31:28,1.6,56.0,31.0,6370,4.9,187.0,43.0,0.013,0.013
2026-02-26T21:31:44,1.5,56.0,31.0,6370,4.9,184.0,43.0,0.009,0.008
2026-02-26T21:32:10,1.2,56.0,31.0,6370,4.9,187.0,43.0,0.012,0.012
2026-02-26T21:32:28,1.6,55.0,31.0,5810,4.9,178.0,43.0,0.012,0.013
2026-02-26T21:32:45,1.5,55.0,31.0,5810,4.9,181.0,43.0,0.011,0.012
2026-02-26T21:33:02,1.5,55.0,31.0,5810,4.9,181.0,44.0,0.012,0.011
2026-02-26T21:33:29,1.3,55.0,31.0,5810,4.9,136.0,44.0,0.017,0.019
2026-02-26T21:33:47,1.5,54.0,31.0,5810,4.9,181.0,44.0,0.007,0.006
2026-02-26T21:34:05,1.5,55.0,31.0,5810,4.9,181.0,44.0,0.012,0.011
2026-02-26T21:34:23,1.6,55.0,31.0,5810,4.9,178.0,44.0,0.016,0.014
2026-02-26T21:34:47,1.1,54.0,31.0,5810,4.9,154.0,44.0,0.012,0.013
2026-02-26T21:35:08,1.5,55.0,31.0,5810,4.9,181.0,44.0,0.011,0.009
2026-02-26T21:35:27,1.5,54.0,31.0,5810,4.9,181.0,44.0,0.012,0.012
2026-02-26T21:35:47,1.5,55.0,31.0,5810,4.9,178.0,44.0,0.011,0.012
2026-02-26T21:36:03,1.2,54.0,31.0,5810,4.9,181.0,44.0,0.011,0.01
2026-02-26T21:36:20,2.1,54.0,31.0,5810,4.9,181.0,44.0,0.014,0.014
2026-02-26T21:36:36,2.1,55.0,31.0,5810,4.9,187.0,44.0,0.008,0.008
2026-02-26T21:36:53,2.0,55.0,31.0,5810,4.9,181.0,44.0,0.012,0.012
2026-02-26T21:37:16,1.5,54.0,31.0,5810,4.9,154.0,44.0,0.018,0.02
2026-02-26T21:37:34,1.9,55.0,31.0,5810,4.9,184.0,44.0,0.01,0.01
2026-02-26T21:37:51,1.9,56.0,31.0,5810,4.9,184.0,44.0,0.012,0.011
2026-02-26T21:38:08,1.9,56.0,31.0,5810,4.9,184.0,44.0,0.008,0.008
2026-02-26T21:38:33,1.5,55.0,31.0,5810,4.9,151.0,44.0,0.016,0.019
2026-02-26T21:38:52,1.9,56.0,31.0,5810,4.9,184.0,44.0,0.013,0.015
2026-02-26T21:39:11,1.9,56.0,31.0,5810,4.9,184.0,44.0,0.009,0.008
2026-02-26T21:39:28,2.0,56.0,31.0,5810,4.9,184.0,44.0,0.014,0.013
2026-02-26T21:39:52,1.3,54.0,31.0,5810,4.9,157.0,44.0,0.011,0.013
2026-02-26T21:40:14,1.8,55.0,31.0,5810,4.9,181.0,44.0,0.011,0.01
2026-02-26T21:40:37,1.9,56.0,31.0,5810,4.9,181.0,44.0,0.014,0.012
2026-02-26T21:40:53,1.9,56.0,31.0,5810,4.7,184.0,44.0,0.01,0.009
2026-02-26T21:41:11,1.4,55.0,31.0,5810,4.9,190.0,44.0,0.009,0.009
2026-02-26T21:41:33,2.5,56.0,32.0,5810,4.9,184.0,44.0,0.013,0.012
2026-02-26T21:41:50,2.5,56.0,31.0,5810,4.9,190.0,44.0,0.015,0.017
2026-02-26T21:42:09,2.3,56.0,32.0,5810,4.9,190.0,44.0,0.008,0.008
2026-02-26T21:42:26,1.4,55.0,31.0,5810,4.9,184.0,44.0,0.013,0.012
2026-02-26T21:42:44,2.4,56.0,31.0,5810,4.9,187.0,44.0,0.008,0.008
2026-02-26T21:43:02,2.3,56.0,32.0,5810,4.9,181.0,44.0,0.011,0.011
2026-02-26T21:43:20,2.3,56.0,31.0,5810,4.9,187.0,44.0,0.014,0.014
2026-02-26T21:43:41,1.5,56.0,31.0,5810,4.9,160.0,44.0,0.01,0.012
2026-02-26T21:43:59,2.2,56.0,31.0,5810,4.9,187.0,44.0,0.011,0.01
2026-02-26T21:44:19,2.4,56.0,31.0,5810,4.9,187.0,44.0,0.009,0.008
2026-02-26T21:44:41,2.0,57.0,31.0,5810,4.9,181.0,44.0,0.019,0.02
2026-02-26T21:45:00,1.5,56.0,31.0,6090,4.9,178.0,44.0,0.011,0.01
2026-02-26T21:45:19,2.4,56.0,31.0,6090,4.9,187.0,44.0,0.009,0.008
2026-02-26T21:45:45,2.0,56.0,31.0,6090,4.9,187.0,44.0,0.012,0.012
2026-02-26T21:46:11,1.7,57.0,31.0,6020,4.9,187.0,44.0,0.011,0.012
2026-02-26T21:46:29,3.3,56.0,31.0,6090,4.9,187.0,44.0,0.013,0.011
2026-02-26T21:46:47,3.2,56.0,31.0,6090,4.9,193.0,44.0,0.008,0.008
2026-02-26T21:47:06,3.0,56.0,31.0,6090,4.9,187.0,44.0,0.011,0.011
2026-02-26T21:47:28,2.2,56.0,31.0,6020,5.0,178.0,44.0,0.019,0.02
2026-02-26T21:47:46,3.5,56.0,31.0,6090,4.9,199.0,44.0,0.014,0.016
2026-02-26T21:48:04,3.5,56.0,31.0,6090,4.9,196.0,44.0,0.011,0.011
2026-02-26T21:48:23,3.1,56.0,32.0,6090,4.9,187.0,44.0,0.013,0.014
2026-02-26T21:48:46,1.8,55.0,32.0,6020,5.0,154.0,44.0,0.01,0.011
2026-02-26T21:49:06,2.6,56.0,31.0,6090,5.0,202.0,44.0,0.011,0.009
2026-02-26T21:49:28,2.6,57.0,31.0,6090,5.0,193.0,44.0,0.014,0.013
2026-02-26T21:49:48,2.2,56.0,31.0,6090,4.9,193.0,44.0,0.008,0.007
2026-02-26T21:50:08,1.6,56.0,31.0,6090,5.0,190.0,44.0,0.012,0.011
2026-02-26T21:50:29,2.7,56.0,31.0,6090,5.0,190.0,44.0,0.012,0.012
2026-02-26T21:50:51,2.5,56.0,31.0,6090,5.0,193.0,44.0,0.013,0.015
2026-02-26T21:51:17,1.8,57.0,32.0,6020,5.0,175.0,44.0,0.012,0.013
2026-02-26T21:51:35,4.1,56.0,31.0,6090,5.0,199.0,44.0,0.011,0.01
2026-02-26T21:51:53,4.1,57.0,31.0,6020,5.0,205.0,44.0,0.011,0.011
2026-02-26T21:52:12,3.6,57.0,31.0,6090,5.0,193.0,44.0,0.008,0.008
2026-02-26T21:52:34,2.5,57.0,31.0,6090,5.0,181.0,44.0,0.017,0.017
2026-02-26T21:52:53,4.3,57.0,31.0,6090,5.0,202.0,44.0,0.01,0.009
2026-02-26T21:53:11,4.3,58.0,31.0,6090,5.0,202.0,44.0,0.008,0.009
2026-02-26T21:53:30,4.0,58.0,32.0,6090,5.0,187.0,44.0,0.013,0.013
2026-02-26T21:53:53,2.7,58.0,31.0,6090,5.0,178.0,44.0,0.016,0.02
2026-02-26T21:54:11,4.6,58.0,32.0,6090,5.0,205.0,44.0,0.01,0.009
2026-02-26T21:54:28,4.7,59.0,32.0,6090,5.0,205.0,44.0,0.015,0.014
2026-02-26T21:54:47,4.0,59.0,32.0,6090,5.0,199.0,44.0,0.009,0.008
2026-02-26T21:55:11,2.3,58.0,31.0,6090,5.0,202.0,44.0,0.015,0.016
2026-02-26T21:55:31,3.0,58.0,31.0,6090,5.1,193.0,44.0,0.012,0.011
2026-02-26T21:55:55,2.7,58.0,31.0,6090,5.1,205.0,44.0,0.008,0.007
2026-02-26T21:56:11,2.1,58.0,31.0,6090,4.1,187.0,44.0,0.01,0.009
2026-02-26T21:56:29,2.5,57.0,31.0,6020,5.1,199.0,44.0,0.014,0.014
2026-02-26T21:56:47,4.8,58.0,31.0,6020,5.0,199.0,44.0,0.014,0.017
2026-02-26T21:57:05,4.7,59.0,31.0,6090,5.0,199.0,44.0,0.011,0.011
2026-02-26T21:57:23,4.3,59.0,31.0,6090,5.1,199.0,44.0,0.019,0.019
2026-02-26T21:57:42,2.4,58.0,31.0,6090,5.1,175.0,44.0,0.01,0.012
2026-02-26T21:58:00,4.8,58.0,32.0,6090,5.1,202.0,44.0,0.008,0.008
2026-02-26T21:58:18,4.9,59.0,32.0,6090,5.1,202.0,44.0,0.012,0.011
2026-02-26T21:58:38,4.8,59.0,32.0,6090,5.1,205.0,44.0,0.012,0.011
2026-02-26T21:59:02,3.0,58.0,32.0,6090,5.1,187.0,44.0,0.013,0.014
2026-02-26T21:59:20,5.3,59.0,32.0,6090,5.1,205.0,44.0,0.012,0.011
2026-02-26T21:59:37,5.1,59.0,31.0,6090,5.1,208.0,44.0,0.013,0.013
2026-02-26T21:59:56,4.7,59.0,32.0,6090,5.1,196.0,44.0,0.014,0.015
2026-02-26T22:00:16,2.4,59.0,31.0,6090,5.1,187.0,44.0,0.011,0.013
2026-02-26T22:00:34,3.8,59.0,32.0,6090,5.1,199.0,44.0,0.013,0.012
2026-02-26T22:00:51,3.7,59.0,32.0,6090,5.1,193.0,44.0,0.011,0.011
2026-02-26T22:01:10,3.5,59.0,32.0,6090,5.1,196.0,44.0,0.009,0.008
2026-02-26T22:01:32,2.4,59.0,31.0,6090,5.2,175.0,44.0,0.015,0.017
2026-02-26T22:01:50,5.2,59.0,31.0,6090,5.2,196.0,44.0,0.01,0.009
2026-02-26T22:02:07,5.2,59.0,32.0,6090,5.2,205.0,44.0,0.008,0.008
2026-02-26T22:02:29,4.5,59.0,31.0,6090,5.2,199.0,44.0,0.013,0.013
2026-02-26T22:02:49,2.6,59.0,31.0,6090,5.2,187.0,44.0,0.015,0.017
2026-02-26T22:03:07,5.3,59.0,31.0,6090,5.2,205.0,44.0,0.01,0.01
2026-02-26T22:03:24,5.4,59.0,31.0,6090,5.2,211.0,44.0,0.015,0.015
2026-02-26T22:03:43,4.9,59.0,31.0,6090,5.2,205.0,44.0,0.008,0.008
2026-02-26T22:04:09,3.3,59.0,32.0,6020,5.2,205.0,44.0,0.013,0.015
2026-02-26T22:04:27,5.5,59.0,31.0,6090,5.2,205.0,44.0,0.013,0.011
2026-02-26T22:04:44,5.5,59.0,31.0,6090,5.2,202.0,44.0,0.009,0.008
2026-02-26T22:05:03,5.4,59.0,31.0,6090,5.2,199.0,44.0,0.012,0.011
2026-02-26T22:05:25,2.9,59.0,31.0,6650,5.3,196.0,43.0,0.016,0.018
2026-02-26T22:05:43,4.3,59.0,31.0,6650,5.3,202.0,44.0,0.009,0.007
2026-02-26T22:06:00,4.4,59.0,31.0,6650,5.3,202.0,44.0,0.016,0.02
2026-02-26T22:06:18,4.1,59.0,32.0,6650,5.3,208.0,44.0,0.01,0.01
2026-02-26T22:06:42,2.7,58.0,31.0,6650,5.3,196.0,43.0,0.015,0.016
2026-02-26T22:06:59,4.3,58.0,31.0,6650,5.3,211.0,43.0,0.01,0.009
2026-02-26T22:07:17,4.4,58.0,31.0,6650,5.3,205.0,43.0,0.015,0.014
2026-02-26T22:07:35,4.1,58.0,31.0,6650,5.3,211.0,43.0,0.013,0.013
2026-02-26T22:07:57,2.7,56.0,31.0,6370,5.5,187.0,43.0,0.014,0.015
2026-02-26T22:08:14,5.6,57.0,31.0,6370,5.5,211.0,43.0,0.008,0.008
2026-02-26T22:08:32,5.6,58.0,31.0,6300,5.5,202.0,43.0,0.013,0.013
2026-02-26T22:08:52,5.1,58.0,31.0,6300,5.5,202.0,43.0,0.017,0.02
2026-02-26T22:09:15,3.0,57.0,31.0,6300,5.5,190.0,43.0,0.01,0.012
2026-02-26T22:09:32,5.8,58.0,31.0,6300,5.5,202.0,43.0,0.183,0.269
2026-02-26T22:09:50,5.7,58.0,31.0,6300,5.5,205.0,43.0,0.012,0.011
2026-02-26T22:10:09,5.1,58.0,31.0,6300,5.5,208.0,43.0,0.009,0.008
2026-02-26T22:10:33,3.1,58.0,31.0,6300,5.5,196.0,43.0,0.018,0.017
2026-02-26T22:10:51,4.3,58.0,31.0,6300,5.5,199.0,44.0,0.01,0.009
2026-02-26T22:11:08,4.4,58.0,31.0,6291,5.5,199.0,44.0,0.009,0.008
2026-02-26T22:11:26,4.5,58.0,32.0,6361,5.5,208.0,44.0,0.013,0.013
2026-02-26T22:11:51,2.6,58.0,31.0,6291,5.5,196.0,43.0,0.011,0.013
2026-02-26T22:12:08,4.5,58.0,31.0,6291,5.5,211.0,44.0,0.013,0.015
2026-02-26T22:12:26,4.7,58.0,31.0,6361,5.5,199.0,43.0,0.014,0.013
2026-02-26T22:12:44,4.5,58.0,32.0,6370,5.5,199.0,43.0,0.008,0.008
2026-02-26T22:13:09,2.7,58.0,31.0,6300,5.5,196.0,43.0,0.014,0.016
2026-02-26T22:13:27,4.7,58.0,31.0,6370,5.5,205.0,44.0,0.012,0.011
2026-02-26T22:13:45,4.4,58.0,31.0,6370,5.5,202.0,43.0,0.008,0.007
2026-02-26T22:14:02,4.5,58.0,31.0,6370,5.5,205.0,43.0,0.011,0.011
2026-02-26T22:14:18,2.1,56.0,31.0,6300,4.1,139.0,43.0,0.017,0.018
2026-02-26T22:14:34,0.4,53.0,30.0,5398,4.1,121.0,43.0,0.01,0.009
2026-02-26T22:14:50,0.3,51.0,30.0,5048,4.1,121.0,44.0,0.019,0.023
2026-02-26T22:15:05,0.3,51.0,28.0,4900,4.1,121.0,44.0,0.009,0.009
2026-02-26T22:15:21,0.4,51.0,28.0,4620,4.1,166.0,44.0,0.015,0.015
2026-02-26T22:15:37,0.3,50.0,29.0,4620,4.1,163.0,44.0,0.008,0.008
2026-02-26T22:15:53,0.3,49.0,29.0,4340,4.1,112.0,45.0,0.012,0.012
2026-02-26T22:16:08,0.3,49.0,29.0,4340,4.1,133.0,45.0,0.009,0.009
2026-02-26T22:16:24,0.4,49.0,29.0,4340,4.1,112.0,45.0,0.017,0.015
2026-02-26T22:16:40,0.3,48.0,29.0,4060,4.1,112.0,45.0,0.008,0.008
2026-02-26T22:16:56,0.3,48.0,29.0,4051,4.1,157.0,45.0,0.012,0.012
2026-02-26T22:17:11,0.3,48.0,29.0,4060,4.1,112.0,46.0,0.008,0.008
2026-02-26T22:17:27,0.4,48.0,30.0,4060,4.1,115.0,46.0,0.021,0.021
2026-02-26T22:17:43,0.3,48.0,29.0,3850,4.1,112.0,46.0,0.008,0.008
2026-02-26T22:17:59,0.7,48.0,30.0,4305,4.1,115.0,46.0,1.567,0.041
2026-02-26T22:18:14,0.4,48.0,29.0,4060,4.1,112.0,46.0,0.009,0.01
2026-02-26T22:18:30,0.5,48.0,30.0,4130,4.1,109.0,46.0,0.02,0.015
2026-02-26T22:18:46,0.3,48.0,30.0,4060,4.1,118.0,47.0,0.008,0.008
2026-02-26T22:19:02,0.4,48.0,30.0,4130,4.1,115.0,47.0,0.012,0.012
2026-02-26T22:19:18,0.4,48.0,30.0,4130,4.1,115.0,47.0,0.016,0.015
2026-02-26T22:19:33,0.4,48.0,30.0,4130,4.1,112.0,47.0,0.009,0.009
2026-02-26T22:19:49,0.3,47.0,30.0,4130,4.1,112.0,47.0,0.012,0.012
2026-02-26T22:20:05,0.3,47.0,30.0,3815,4.1,112.0,47.0,0.01,0.009
2026-02-26T22:20:21,0.4,47.0,30.0,3806,4.1,145.0,47.0,0.015,0.015
2026-02-26T22:20:36,0.4,48.0,30.0,3736,4.1,127.0,47.0,0.008,0.008
2026-02-26T22:20:52,0.4,48.0,30.0,3815,4.1,109.0,47.0,0.018,0.022
2026-02-26T22:21:08,0.3,47.0,30.0,3815,4.1,112.0,47.0,0.009,0.009
2026-02-26T22:21:24,0.5,47.0,31.0,3806,4.1,115.0,47.0,0.014,0.014
2026-02-26T22:21:40,0.3,47.0,31.0,3806,4.1,109.0,47.0,0.008,0.008
2026-02-26T22:21:55,0.3,47.0,31.0,3815,4.1,124.0,47.0,0.012,0.012
2026-02-26T22:22:11,0.3,47.0,31.0,3806,4.1,115.0,47.0,0.009,0.009
2026-02-26T22:22:27,0.5,48.0,30.0,3815,4.1,112.0,47.0,0.017,0.015
2026-02-26T22:22:43,0.3,47.0,30.0,3806,4.1,109.0,48.0,0.008,0.008
2026-02-26T22:22:59,0.3,47.0,31.0,3815,4.1,109.0,48.0,0.012,0.012
2026-02-26T22:23:14,0.3,47.0,30.0,3806,4.1,151.0,48.0,0.009,0.01
2026-02-26T22:23:30,0.4,47.0,30.0,3806,4.1,109.0,48.0,0.014,0.014
2026-02-26T22:23:46,0.3,48.0,31.0,3815,4.1,109.0,48.0,0.012,0.014
2026-02-26T22:24:02,0.3,47.0,31.0,3806,4.1,109.0,48.0,0.015,0.017
2026-02-26T22:24:17,0.5,48.0,31.0,3806,4.1,118.0,48.0,0.015,0.014
2026-02-26T22:24:33,0.4,48.0,31.0,3806,4.1,139.0,48.0,0.01,0.009
2026-02-26T22:24:49,0.3,48.0,31.0,3806,4.1,109.0,48.0,0.012,0.012
2026-02-26T22:25:05,0.3,47.0,31.0,3806,4.1,124.0,48.0,0.01,0.009
2026-02-26T22:25:20,0.4,48.0,31.0,3806,4.1,133.0,48.0,0.015,0.015
2026-02-26T22:25:36,0.3,48.0,31.0,3815,4.1,109.0,48.0,0.009,0.009
2026-02-26T22:25:52,0.3,47.0,31.0,3806,4.1,112.0,48.0,0.012,0.012
2026-02-26T22:26:08,0.3,48.0,31.0,3806,4.1,112.0,48.0,0.008,0.009
2026-02-26T22:26:23,0.5,48.0,31.0,3806,4.1,109.0,48.0,0.014,0.014
2026-02-26T22:26:39,0.3,48.0,31.0,3806,4.1,112.0,48.0,0.01,0.008
2026-02-26T22:26:55,0.3,47.0,31.0,3815,4.1,112.0,48.0,0.018,0.022
2026-02-26T22:27:11,0.3,47.0,31.0,3806,4.1,109.0,48.0,0.009,0.009
2026-02-26T22:27:27,0.4,48.0,30.0,3806,4.1,112.0,48.0,0.021,0.021
2026-02-26T22:27:42,0.3,48.0,30.0,3806,4.1,109.0,48.0,0.008,0.008
2026-02-26T22:27:58,0.3,48.0,31.0,3797,4.1,115.0,48.0,0.012,0.012
2026-02-26T22:28:14,0.3,48.0,31.0,3806,4.1,109.0,48.0,0.009,0.01
2026-02-26T22:28:30,0.4,48.0,31.0,3815,4.1,145.0,48.0,0.017,0.015
2026-02-26T22:28:45,0.3,47.0,30.0,3797,4.1,118.0,48.0,0.009,0.008
2026-02-26T22:29:01,0.3,47.0,31.0,3815,4.1,109.0,48.0,0.013,0.012
2026-02-26T22:29:17,0.4,48.0,31.0,3815,4.1,145.0,48.0,0.014,0.014
2026-02-26T22:29:33,0.4,48.0,31.0,3806,4.1,112.0,48.0,0.01,0.009
2026-02-26T22:29:49,0.4,48.0,31.0,3806,4.1,136.0,48.0,0.019,0.023
2026-02-26T22:30:04,0.3,48.0,31.0,3815,4.1,109.0,48.0,0.01,0.009
2026-02-26T22:30:20,0.4,48.0,31.0,3797,4.1,112.0,48.0,0.014,0.014
2026-02-26T22:30:36,0.3,48.0,31.0,3806,4.1,115.0,48.0,0.009,0.009
2026-02-26T22:30:52,0.3,48.0,30.0,3815,4.1,112.0,48.0,0.012,0.012
2026-02-26T22:31:07,0.3,48.0,31.0,3797,4.1,115.0,48.0,0.009,0.009
2026-02-26T22:31:23,0.4,48.0,31.0,3806,4.1,142.0,48.0,0.014,0.014
2026-02-26T22:31:39,0.3,48.0,31.0,3806,4.1,115.0,48.0,0.008,0.008
2026-02-26T22:31:55,0.3,47.0,31.0,3815,4.1,121.0,48.0,0.012,0.012
2026-02-26T22:32:11,0.3,47.0,30.0,3806,4.1,112.0,48.0,0.008,0.009
2026-02-26T22:32:27,0.4,48.0,31.0,3806,4.1,124.0,48.0,0.014,0.014
2026-02-26T22:32:43,0.3,48.0,31.0,3806,4.1,115.0,48.0,0.008,0.008
2026-02-26T22:32:59,0.4,48.0,31.0,3806,4.1,115.0,48.0,0.018,0.022
2026-02-26T22:33:15,0.3,48.0,31.0,3815,4.1,118.0,48.0,0.008,0.01
2026-02-26T22:33:31,0.4,48.0,31.0,3815,4.1,112.0,48.0,0.014,0.014
2026-02-26T22:33:47,0.3,48.0,31.0,3806,4.1,112.0,48.0,0.008,0.008
2026-02-26T22:34:03,0.3,47.0,30.0,3806,4.1,133.0,48.0,0.011,0.011
2026-02-26T22:34:19,0.4,48.0,31.0,3806,4.1,106.0,48.0,0.018,0.015
2026-02-26T22:34:35,0.4,48.0,31.0,3815,4.1,118.0,48.0,0.009,0.009
2026-02-26T22:34:52,0.3,48.0,31.0,3797,4.1,121.0,48.0,0.012,0.012
2026-02-26T22:35:07,0.3,48.0,31.0,3806,4.1,118.0,48.0,0.009,0.009
2026-02-26T22:35:23,0.4,48.0,31.0,3806,4.1,160.0,48.0,0.014,0.014
2026-02-26T22:35:39,0.3,48.0,30.0,3815,4.1,115.0,48.0,0.009,0.009
2026-02-26T22:35:56,0.3,48.0,31.0,3806,4.1,118.0,48.0,0.017,0.022
2026-02-26T22:36:12,0.3,48.0,30.0,3815,4.1,112.0,48.0,0.008,0.008
2026-02-26T22:36:27,0.4,48.0,31.0,3815,4.1,115.0,48.0,0.014,0.014
2026-02-26T22:36:43,0.3,47.0,31.0,3806,4.1,121.0,48.0,0.008,0.008
2026-02-26T22:36:59,0.3,48.0,31.0,3806,4.1,118.0,48.0,0.012,0.012
2026-02-26T22:37:15,0.3,48.0,31.0,3806,4.1,124.0,48.0,0.008,0.008
2026-02-26T22:37:31,0.4,48.0,31.0,3806,4.1,115.0,48.0,0.02,0.021
2026-02-26T22:37:47,0.3,48.0,30.0,3797,4.1,115.0,48.0,0.008,0.009
2026-02-26T22:38:03,0.3,47.0,31.0,3797,4.1,115.0,48.0,0.012,0.013
2026-02-26T22:38:18,0.4,47.0,31.0,3806,4.1,109.0,48.0,0.013,0.014
2026-02-26T22:38:34,0.3,47.0,31.0,3806,4.1,109.0,48.0,0.008,0.009
2026-02-26T22:38:50,0.4,47.0,31.0,3797,4.1,112.0,48.0,0.018,0.022
2026-02-26T22:39:06,0.4,48.0,31.0,3806,4.1,121.0,48.0,0.008,0.009
2026-02-26T22:39:21,0.5,47.0,31.0,3797,4.1,115.0,48.0,0.014,0.014
2026-02-26T22:39:37,0.3,48.0,31.0,3806,4.1,133.0,48.0,0.009,0.009
2026-02-26T22:39:53,0.3,47.0,31.0,3806,4.1,115.0,48.0,0.013,0.012
2026-02-26T22:40:09,0.4,47.0,31.0,3806,4.1,109.0,48.0,0.009,0.009
2026-02-26T22:40:24,0.4,47.0,31.0,3806,4.1,118.0,48.0,0.017,0.015
2026-02-26T22:40:40,0.3,47.0,31.0,3806,4.1,109.0,48.0,0.008,0.009
2026-02-26T22:40:56,0.3,47.0,31.0,3806,4.1,115.0,48.0,0.012,0.012
2026-02-26T22:41:12,0.3,47.0,30.0,3806,4.1,109.0,48.0,0.008,0.009
2026-02-26T22:41:28,0.4,48.0,31.0,3806,4.1,109.0,48.0,0.013,0.014
2026-02-26T22:41:43,0.3,48.0,31.0,3815,4.1,115.0,48.0,0.008,0.008
2026-02-26T22:41:59,0.4,47.0,31.0,3806,4.1,112.0,48.0,0.018,0.022
2026-02-26T22:42:15,0.4,47.0,31.0,3806,4.1,115.0,48.0,0.007,0.008
2026-02-26T22:42:31,0.4,48.0,31.0,3806,4.1,157.0,48.0,0.014,0.014
2026-02-26T22:42:46,0.3,47.0,30.0,3806,4.1,124.0,48.0,0.008,0.008
2026-02-26T22:43:02,0.3,47.0,31.0,3797,4.1,115.0,48.0,0.012,0.014
2026-02-26T22:43:18,0.3,48.0,30.0,3806,4.1,118.0,48.0,0.014,0.014
2026-02-26T22:43:34,0.4,47.0,31.0,3815,4.1,112.0,48.0,0.008,0.009
2026-02-26T22:43:49,0.3,47.0,31.0,3806,4.1,115.0,48.0,0.012,0.012
2026-02-26T22:44:05,0.4,47.0,31.0,3806,4.1,109.0,48.0,0.009,0.009
2026-02-26T22:44:21,0.5,48.0,31.0,3797,4.1,109.0,48.0,0.015,0.014
2026-02-26T22:44:37,0.3,48.0,30.0,3806,4.1,124.0,48.0,0.009,0.009
2026-02-26T22:44:53,0.3,48.0,31.0,3806,4.1,115.0,48.0,0.02,0.022
2026-02-26T22:45:08,0.4,47.0,30.0,3806,4.1,109.0,48.0,0.009,0.009
2026-02-26T22:45:24,0.4,48.0,31.0,3806,4.1,160.0,48.0,0.014,0.014
2026-02-26T22:45:40,0.3,47.0,31.0,3806,4.1,109.0,48.0,0.009,0.009
2026-02-26T22:45:56,0.3,47.0,31.0,3797,4.1,109.0,48.0,0.012,0.012
2026-02-26T22:46:11,0.3,47.0,31.0,3806,4.1,115.0,48.0,0.009,0.009
2026-02-26T22:46:27,0.4,47.0,31.0,3806,4.1,121.0,48.0,0.017,0.015
2026-02-26T22:46:43,0.4,48.0,30.0,3797,4.1,112.0,48.0,0.008,0.008
2026-02-26T22:46:59,0.3,48.0,31.0,3797,4.1,109.0,48.0,0.012,0.012
2026-02-26T22:47:14,0.3,47.0,30.0,3806,4.1,109.0,48.0,0.008,0.008
2026-02-26T22:47:30,0.4,47.0,30.0,3797,4.1,112.0,48.0,0.021,0.021
2026-02-26T22:47:46,0.3,47.0,31.0,3806,4.1,109.0,48.0,0.009,0.008
2026-02-26T22:48:02,0.3,47.0,31.0,3815,4.1,115.0,48.0,0.019,0.024
2026-02-26T22:48:17,0.3,48.0,31.0,3806,4.1,121.0,48.0,0.013,0.014
2026-02-26T22:48:33,0.4,48.0,31.0,3806,4.1,115.0,48.0,0.009,0.009
2026-02-26T22:48:49,0.3,47.0,31.0,3806,4.1,112.0,48.0,0.012,0.012
2026-02-26T22:49:05,0.3,48.0,31.0,3797,4.1,145.0,48.0,0.008,0.009
2026-02-26T22:49:20,0.4,48.0,31.0,3806,4.1,109.0,48.0,0.015,0.015
2026-02-26T22:49:36,0.4,48.0,31.0,3797,4.1,109.0,48.0,0.009,0.009
2026-02-26T22:49:52,0.3,48.0,31.0,3806,4.1,172.0,48.0,0.013,0.012
2026-02-26T22:50:08,0.3,48.0,31.0,3806,4.1,112.0,48.0,0.009,0.009
2026-02-26T22:50:23,0.5,48.0,31.0,3806,4.1,154.0,48.0,0.014,0.014
2026-02-26T22:50:39,0.4,48.0,30.0,3806,4.1,109.0,48.0,0.009,0.009
2026-02-26T22:50:55,0.3,47.0,31.0,3806,4.1,112.0,48.0,0.018,0.022
2026-02-26T22:51:11,0.3,47.0,31.0,3806,4.1,118.0,48.0,0.009,0.009
2026-02-26T22:51:27,0.4,47.0,31.0,3806,4.1,115.0,48.0,0.014,0.014
2026-02-26T22:51:42,0.3,47.0,31.0,3806,4.1,112.0,48.0,0.009,0.009
2026-02-26T22:51:58,0.3,47.0,30.0,3806,4.1,118.0,48.0,0.012,0.012
2026-02-26T22:52:14,0.3,47.0,31.0,3806,4.1,139.0,48.0,0.008,0.008
2026-02-26T22:52:29,0.4,47.0,31.0,3797,4.1,112.0,48.0,0.017,0.015
2026-02-26T22:52:45,0.3,47.0,31.0,3806,4.1,106.0,48.0,0.008,0.008
2026-02-26T22:53:01,0.3,48.0,31.0,3806,4.1,121.0,48.0,0.013,0.013
2026-02-26T22:53:17,0.3,47.0,31.0,3806,4.1,109.0,48.0,0.01,0.011
2026-02-26T22:53:33,0.4,47.0,31.0,3797,4.1,112.0,48.0,0.012,0.012
2026-02-26T22:53:48,0.4,47.0,31.0,3797,4.1,112.0,48.0,0.012,0.012
2026-02-26T22:54:04,0.3,47.0,30.0,3806,4.1,121.0,48.0,0.015,0.019
2026-02-26T22:54:20,0.4,47.0,30.0,3797,4.1,109.0,48.0,0.015,0.015
2026-02-26T22:54:36,0.3,47.0,31.0,3806,4.1,115.0,48.0,0.01,0.009
2026-02-26T22:54:51,0.3,47.0,30.0,3806,4.1,112.0,48.0,0.013,0.012
2026-02-26T22:55:07,0.3,48.0,30.0,3806,4.1,109.0,48.0,0.009,0.009
2026-02-26T22:55:23,0.4,48.0,31.0,3806,4.1,172.0,48.0,0.015,0.014
2026-02-26T22:55:39,0.3,47.0,30.0,3832,4.1,109.0,48.0,0.009,0.009
2026-02-26T22:55:54,0.3,47.0,30.0,3806,4.1,109.0,48.0,0.011,0.012
2026-02-26T22:56:10,0.3,47.0,31.0,3806,4.1,112.0,48.0,0.009,0.009
2026-02-26T22:56:26,0.4,47.0,31.0,3797,4.1,109.0,48.0,0.014,0.014
2026-02-26T22:56:42,0.3,47.0,30.0,3806,4.1,109.0,48.0,0.009,0.009
2026-02-26T22:56:57,0.3,47.0,30.0,3841,4.1,118.0,48.0,0.018,0.022
2026-02-26T22:57:13,0.3,47.0,30.0,3806,4.1,112.0,48.0,0.008,0.008
2026-02-26T22:57:29,0.4,47.0,30.0,3797,4.1,115.0,48.0,0.014,0.014
2026-02-26T22:57:45,0.3,47.0,30.0,3806,4.1,112.0,48.0,0.015,0.015
2026-02-26T22:58:00,0.4,47.0,31.0,3815,4.1,109.0,48.0,0.018,0.017
2026-02-26T22:58:16,0.3,47.0,30.0,3797,4.1,118.0,48.0,0.01,0.011
2026-02-26T22:58:32,0.4,47.0,31.0,3797,4.1,115.0,48.0,0.013,0.014
2026-02-26T22:58:48,0.3,47.0,31.0,3806,4.1,109.0,48.0,0.012,0.012
2026-02-26T22:59:03,0.3,47.0,31.0,3797,4.1,115.0,48.0,0.009,0.009
2026-02-26T22:59:19,0.5,47.0,31.0,3815,4.1,121.0,48.0,0.015,0.014
2026-02-26T22:59:35,0.4,47.0,31.0,3806,4.1,109.0,48.0,0.009,0.009
2026-02-26T22:59:51,0.3,47.0,30.0,3815,4.1,109.0,48.0,0.013,0.012
2026-02-26T23:00:06,0.3,47.0,30.0,3806,4.1,112.0,48.0,0.014,0.015
2026-02-26T23:00:22,0.4,47.0,31.0,3797,4.1,109.0,48.0,0.014,0.014
2026-02-26T23:00:38,0.3,47.0,30.0,3797,4.1,109.0,48.0,0.009,0.009
2026-02-26T23:00:54,0.3,47.0,31.0,3797,4.1,115.0,48.0,0.012,0.012
2026-02-26T23:01:09,0.3,47.0,30.0,3797,4.1,112.0,48.0,0.008,0.009
2026-02-26T23:01:25,0.4,48.0,30.0,3806,4.1,112.0,48.0,0.014,0.014
2026-02-26T23:01:41,0.3,47.0,30.0,3806,4.1,118.0,48.0,0.008,0.009
2026-02-26T23:01:57,0.3,48.0,30.0,3806,4.1,109.0,48.0,0.013,0.012
2026-02-26T23:02:12,0.3,47.0,30.0,3797,4.1,115.0,48.0,0.008,0.008
2026-02-26T23:02:28,0.4,47.0,30.0,3797,4.1,151.0,48.0,0.013,0.014
2026-02-26T23:02:44,0.3,47.0,31.0,3806,4.1,109.0,48.0,0.009,0.009
2026-02-26T23:03:00,0.4,47.0,31.0,3797,4.1,112.0,48.0,0.018,0.022
2026-02-26T23:03:15,0.3,47.0,30.0,3797,4.1,115.0,48.0,0.009,0.01
2026-02-26T23:03:31,0.4,48.0,31.0,3815,4.1,115.0,48.0,0.017,0.015
2026-02-26T23:03:47,0.3,47.0,30.0,3806,4.1,112.0,48.0,0.009,0.009
2026-02-26T23:04:03,0.3,47.0,31.0,3806,4.1,127.0,48.0,0.011,0.012
2026-02-26T23:04:18,0.4,48.0,30.0,3806,4.1,154.0,48.0,0.016,0.015
2026-02-26T23:04:34,0.4,48.0,30.0,3806,4.1,112.0,48.0,0.009,0.009
2026-02-26T23:04:50,0.3,48.0,30.0,3806,4.1,115.0,48.0,0.012,0.012
2026-02-26T23:05:06,0.3,48.0,30.0,3806,4.1,127.0,47.0,0.01,0.009
2026-02-26T23:05:22,0.4,48.0,31.0,3806,4.1,112.0,48.0,0.014,0.014
2026-02-26T23:05:37,0.4,48.0,30.0,3832,4.1,109.0,48.0,0.009,0.009
2026-02-26T23:05:53,0.3,48.0,30.0,3797,4.1,109.0,48.0,0.012,0.012
2026-02-26T23:06:09,0.3,47.0,30.0,3806,4.1,109.0,48.0,0.012,0.014
2026-02-26T23:06:25,0.4,48.0,31.0,3806,4.1,148.0,48.0,0.014,0.014
2026-02-26T23:06:40,0.4,47.0,31.0,3806,4.1,109.0,48.0,0.01,0.009
2026-02-26T23:06:56,0.4,47.0,31.0,3806,4.1,112.0,48.0,0.012,0.012
2026-02-26T23:07:12,0.3,47.0,30.0,3806,4.1,109.0,48.0,0.009,0.009
2026-02-26T23:07:28,0.4,47.0,30.0,3806,4.1,121.0,48.0,0.014,0.014
2026-02-26T23:07:43,0.3,47.0,31.0,3806,4.1,109.0,48.0,0.015,0.015
2026-02-26T23:07:59,0.3,47.0,31.0,3806,4.1,109.0,48.0,0.013,0.012
2026-02-26T23:08:15,0.3,47.0,30.0,3797,4.1,115.0,48.0,0.009,0.01
2026-02-26T23:08:31,0.4,47.0,31.0,3806,4.1,121.0,48.0,0.014,0.014
2026-02-26T23:08:46,0.3,47.0,30.0,3806,4.1,109.0,48.0,0.009,0.008
2026-02-26T23:09:02,0.3,47.0,30.0,3797,4.1,112.0,48.0,0.018,0.022
2026-02-26T23:09:18,0.4,48.0,31.0,3797,4.1,163.0,48.0,0.018,0.016
2026-02-26T23:09:34,0.4,47.0,31.0,3806,4.1,109.0,48.0,0.01,0.009
2026-02-26T23:09:49,0.4,48.0,30.0,3797,4.1,127.0,48.0,0.012,0.012
2026-02-26T23:10:05,0.3,47.0,31.0,3797,4.1,169.0,48.0,0.009,0.009
2026-02-26T23:10:21,0.4,48.0,30.0,3806,4.1,109.0,48.0,0.015,0.014
2026-02-26T23:10:37,0.4,48.0,31.0,3806,4.1,115.0,48.0,0.009,0.009
2026-02-26T23:10:52,0.3,47.0,30.0,3806,4.1,169.0,48.0,0.011,0.012
2026-02-26T23:11:08,0.3,47.0,31.0,3806,4.1,112.0,48.0,0.009,0.009
2026-02-26T23:11:24,0.4,47.0,30.0,3797,4.1,109.0,48.0,0.014,0.014
2026-02-26T23:11:40,0.4,47.0,31.0,3806,4.1,112.0,48.0,0.008,0.009
2026-02-26T23:11:56,0.3,48.0,31.0,3806,4.1,124.0,48.0,0.015,0.017
2026-02-26T23:12:11,0.3,47.0,31.0,3806,4.1,115.0,48.0,0.011,0.013
2026-02-26T23:12:27,0.4,47.0,31.0,3806,4.1,124.0,48.0,0.014,0.014
2026-02-26T23:12:43,0.3,47.0,31.0,3815,4.1,121.0,48.0,0.009,0.009
2026-02-26T23:12:59,0.3,47.0,31.0,3797,4.1,109.0,48.0,0.012,0.012
2026-02-26T23:13:14,0.3,47.0,31.0,3815,4.1,109.0,48.0,0.009,0.01
2026-02-26T23:13:30,0.4,48.0,31.0,3806,4.1,112.0,48.0,0.014,0.014
2026-02-26T23:13:46,0.3,47.0,30.0,3806,4.1,112.0,48.0,0.008,0.008
2026-02-26T23:14:02,0.4,47.0,30.0,3806,4.1,109.0,48.0,0.013,0.012
2026-02-26T23:14:17,0.5,48.0,30.0,3797,4.1,124.0,48.0,0.015,0.014
2026-02-26T23:14:33,0.4,48.0,31.0,3797,4.1,109.0,48.0,0.01,0.009
2026-02-26T23:14:49,0.3,48.0,31.0,3806,4.1,112.0,48.0,0.013,0.012
2026-02-26T23:15:05,0.4,48.0,31.0,3815,4.1,133.0,48.0,0.016,0.019
2026-02-26T23:15:21,0.4,48.0,30.0,3806,4.1,172.0,48.0,0.017,0.015
2026-02-26T23:15:36,0.4,48.0,31.0,3806,4.1,115.0,48.0,0.009,0.009
2026-02-26T23:15:52,0.3,48.0,31.0,3806,4.1,112.0,48.0,0.011,0.012
2026-02-26T23:16:08,0.3,48.0,30.0,3806,4.1,127.0,48.0,0.009,0.008
2026-02-26T23:16:24,0.4,48.0,31.0,3806,4.1,160.0,48.0,0.014,0.014
2026-02-26T23:16:39,0.4,47.0,30.0,3850,4.1,115.0,48.0,0.008,0.009
2026-02-26T23:16:55,0.3,47.0,31.0,3806,4.1,112.0,48.0,0.012,0.012
2026-02-26T23:17:11,0.3,47.0,30.0,3806,4.1,112.0,48.0,0.009,0.009
2026-02-26T23:17:27,0.4,47.0,30.0,3797,4.1,118.0,48.0,0.014,0.014
2026-02-26T23:17:42,0.3,47.0,30.0,3797,4.1,115.0,48.0,0.015,0.015
2026-02-26T23:17:58,0.3,47.0,31.0,3806,4.1,115.0,48.0,0.019,0.023
2026-02-26T23:18:14,0.3,48.0,30.0,3806,4.1,112.0,48.0,0.008,0.01
2026-02-26T23:18:29,0.4,48.0,31.0,3806,4.1,112.0,48.0,0.014,0.014
2026-02-26T23:18:45,0.3,47.0,31.0,3806,4.1,124.0,48.0,0.008,0.009
2026-02-26T23:19:01,0.3,47.0,31.0,3806,4.1,151.0,48.0,0.012,0.012
2026-02-26T23:19:17,0.4,48.0,31.0,3797,4.1,127.0,48.0,0.012,0.011
2026-02-26T23:19:33,0.4,48.0,30.0,3797,4.1,115.0,48.0,0.013,0.012
2026-02-26T23:19:48,0.3,47.0,30.0,3797,4.1,121.0,48.0,0.012,0.012
2026-02-26T23:20:04,0.3,47.0,30.0,3806,4.1,115.0,48.0,0.01,0.009
2026-02-26T23:20:20,0.4,47.0,30.0,3806,4.1,115.0,48.0,0.014,0.014
2026-02-26T23:20:36,0.4,47.0,31.0,3797,4.1,109.0,48.0,0.009,0.009
2026-02-26T23:20:51,0.3,47.0,31.0,3806,4.1,118.0,48.0,0.012,0.012
2026-02-26T23:21:07,0.4,48.0,30.0,3806,4.1,115.0,48.0,0.015,0.019
2026-02-26T23:21:23,0.5,48.0,30.0,3806,4.1,112.0,48.0,0.017,0.015
2026-02-26T23:21:39,0.3,48.0,30.0,3806,4.1,121.0,48.0,0.009,0.009
2026-02-26T23:21:54,0.3,48.0,30.0,3806,4.1,115.0,48.0,0.012,0.012
2026-02-26T23:22:10,0.3,47.0,31.0,3806,4.1,109.0,47.0,0.008,0.009
2026-02-26T23:22:26,0.4,47.0,30.0,3797,4.1,109.0,48.0,0.014,0.014
2026-02-26T23:22:42,0.3,48.0,30.0,3806,4.1,112.0,48.0,0.009,0.009
2026-02-26T23:22:57,0.3,47.0,31.0,3797,4.1,115.0,48.0,0.012,0.012
2026-02-26T23:23:13,0.3,47.0,30.0,3806,4.1,112.0,48.0,0.009,0.01
2026-02-26T23:23:29,0.4,47.0,30.0,3806,4.1,151.0,48.0,0.014,0.014
2026-02-26T23:23:45,0.3,47.0,30.0,3806,4.1,112.0,48.0,0.009,0.009
2026-02-26T23:24:01,0.3,47.0,31.0,3797,4.1,115.0,48.0,0.019,0.022
2026-02-26T23:24:16,0.4,47.0,30.0,3806,4.1,115.0,48.0,0.011,0.01
2026-02-26T23:24:32,0.4,48.0,30.0,3806,4.1,112.0,48.0,0.014,0.013
2026-02-26T23:24:48,0.3,47.0,30.0,3797,4.1,118.0,48.0,0.013,0.012
2026-02-26T23:25:04,0.3,47.0,30.0,3806,4.1,118.0,48.0,0.01,0.009
2026-02-26T23:25:19,0.3,47.0,31.0,3815,4.1,118.0,48.0,0.015,0.014
2026-02-26T23:25:35,0.4,47.0,30.0,3806,4.1,109.0,48.0,0.01,0.009
2026-02-26T23:25:51,0.3,47.0,31.0,3797,4.1,118.0,48.0,0.011,0.012
2026-02-26T23:26:07,0.3,47.0,31.0,3806,4.1,115.0,48.0,0.009,0.009
2026-02-26T23:26:23,0.4,47.0,30.0,3797,4.1,118.0,48.0,0.014,0.014
2026-02-26T23:26:38,0.3,47.0,31.0,3806,4.1,118.0,48.0,0.008,0.008
2026-02-26T23:26:54,0.3,47.0,30.0,3806,4.1,115.0,48.0,0.012,0.012
2026-02-26T23:27:10,0.4,47.0,31.0,3806,4.1,115.0,48.0,0.015,0.019
2026-02-26T23:27:26,0.4,48.0,30.0,3806,4.1,163.0,48.0,0.017,0.015
2026-02-26T23:27:41,0.4,48.0,31.0,3806,4.1,112.0,48.0,0.016,0.016
2026-02-26T23:27:57,0.3,48.0,30.0,3797,4.1,109.0,48.0,0.012,0.012
2026-02-26T23:28:13,0.3,48.0,30.0,3806,4.1,115.0,47.0,0.008,0.01
2026-02-26T23:28:29,0.4,48.0,30.0,3806,4.1,115.0,48.0,0.014,0.014
2026-02-26T23:28:44,0.3,47.0,30.0,3797,4.1,112.0,48.0,0.009,0.009
2026-02-26T23:29:00,0.3,47.0,30.0,3806,4.1,109.0,48.0,0.013,0.012
2026-02-26T23:29:16,0.4,47.0,31.0,3797,4.1,133.0,48.0,0.01,0.01
2026-02-26T23:29:32,0.5,48.0,30.0,3806,4.1,118.0,48.0,0.013,0.013
2026-02-26T23:29:47,0.3,48.0,30.0,3797,4.1,115.0,48.0,0.014,0.013
2026-02-26T23:30:03,0.4,48.0,30.0,3806,4.1,112.0,48.0,0.016,0.019
2026-02-26T23:30:19,0.3,48.0,30.0,3806,4.1,169.0,48.0,0.014,0.014
2026-02-26T23:30:35,0.4,48.0,31.0,3797,4.1,112.0,48.0,0.009,0.009
2026-02-26T23:30:51,0.3,48.0,31.0,3806,4.1,115.0,48.0,0.012,0.012
2026-02-26T23:31:06,0.3,48.0,31.0,3806,4.1,127.0,48.0,0.008,0.009
2026-02-26T23:31:22,0.4,48.0,31.0,3806,4.1,106.0,48.0,0.014,0.014
2026-02-26T23:31:38,0.4,48.0,31.0,3806,4.1,109.0,48.0,0.008,0.008
2026-02-26T23:31:54,0.3,48.0,31.0,3806,4.1,112.0,48.0,0.012,0.012
2026-02-26T23:32:10,0.3,47.0,31.0,3806,4.1,115.0,48.0,0.009,0.009
2026-02-26T23:32:25,0.4,48.0,31.0,3806,4.1,133.0,48.0,0.013,0.014
2026-02-26T23:32:41,0.3,48.0,31.0,3806,4.1,118.0,48.0,0.009,0.009
2026-02-26T23:32:57,0.3,47.0,31.0,3806,4.1,133.0,48.0,0.013,0.012
2026-02-26T23:33:13,0.4,48.0,31.0,3806,4.1,163.0,48.0,0.015,0.02
2026-02-26T23:33:28,0.4,47.0,31.0,3815,4.1,109.0,48.0,0.016,0.015
2026-02-26T23:33:44,0.3,48.0,31.0,3806,4.1,112.0,48.0,0.009,0.009
2026-02-26T23:34:00,0.3,47.0,31.0,3806,4.1,109.0,48.0,0.012,0.012
2026-02-26T23:34:16,0.4,48.0,31.0,3815,4.1,157.0,48.0,0.009,0.009
2026-02-26T23:34:31,0.4,48.0,31.0,3806,4.1,115.0,48.0,0.015,0.014
2026-02-26T23:34:47,0.4,48.0,31.0,3797,4.1,109.0,48.0,0.014,0.013
2026-02-26T23:35:03,0.3,48.0,31.0,3815,4.1,115.0,48.0,0.01,0.009
2026-02-26T23:35:19,0.3,48.0,31.0,3806,4.1,124.0,48.0,0.013,0.014
2026-02-26T23:35:35,0.4,48.0,31.0,3797,4.1,112.0,48.0,0.009,0.009
2026-02-26T23:35:50,0.3,48.0,31.0,3806,4.1,115.0,48.0,0.013,0.012
2026-02-26T23:36:06,0.4,48.0,31.0,3815,4.1,112.0,48.0,0.015,0.019
2026-02-26T23:36:22,0.4,48.0,31.0,3815,4.1,112.0,48.0,0.013,0.014
2026-02-26T23:36:37,0.4,48.0,31.0,3806,4.1,115.0,48.0,0.009,0.009
2026-02-26T23:36:53,0.3,48.0,31.0,3806,4.1,115.0,48.0,0.012,0.012
2026-02-26T23:37:09,0.3,48.0,31.0,3815,4.1,127.0,48.0,0.008,0.009
2026-02-26T23:37:25,0.4,48.0,31.0,3815,4.1,136.0,48.0,0.014,0.014
2026-02-26T23:37:41,0.3,48.0,31.0,3850,4.1,109.0,48.0,0.015,0.015
2026-02-26T23:37:56,0.3,48.0,31.0,3815,4.1,109.0,48.0,0.012,0.012
2026-02-26T23:38:12,0.3,48.0,31.0,3806,4.1,139.0,48.0,0.009,0.01
2026-02-26T23:38:28,0.4,48.0,31.0,3806,4.1,109.0,48.0,0.013,0.014
2026-02-26T23:38:44,0.3,48.0,31.0,3815,4.1,106.0,48.0,0.009,0.009
2026-02-26T23:39:00,0.3,48.0,31.0,3841,4.1,112.0,48.0,0.012,0.012
2026-02-26T23:39:15,0.4,48.0,31.0,3815,4.1,157.0,48.0,0.013,0.014
2026-02-26T23:39:31,0.4,48.0,31.0,3806,4.1,109.0,48.0,0.017,0.015
2026-02-26T23:39:47,0.3,48.0,31.0,3797,4.1,115.0,48.0,0.011,0.01
2026-02-26T23:40:03,0.3,48.0,31.0,3841,4.1,127.0,48.0,0.013,0.012
2026-02-26T23:40:18,0.3,48.0,31.0,3806,4.1,169.0,48.0,0.014,0.014
2026-02-26T23:40:34,0.4,48.0,31.0,3806,4.1,112.0,48.0,0.009,0.008
2026-02-26T23:40:50,0.3,48.0,31.0,3841,4.1,112.0,48.0,0.012,0.012
2026-02-26T23:41:06,0.3,48.0,31.0,3815,4.1,109.0,48.0,0.009,0.009
2026-02-26T23:41:21,0.4,48.0,31.0,3806,4.1,148.0,48.0,0.013,0.014
2026-02-26T23:41:37,0.4,48.0,31.0,3815,4.1,112.0,48.0,0.009,0.008
2026-02-26T23:41:53,0.3,48.0,31.0,3815,4.1,109.0,48.0,0.012,0.012
2026-02-26T23:42:09,0.4,48.0,31.0,3815,4.1,115.0,48.0,0.015,0.019
2026-02-26T23:42:24,0.4,48.0,31.0,3815,4.1,163.0,48.0,0.013,0.014
2026-02-26T23:42:40,0.4,48.0,31.0,3806,4.1,109.0,48.0,0.009,0.009
2026-02-26T23:42:56,0.3,48.0,31.0,3815,4.1,109.0,48.0,0.012,0.012
2026-02-26T23:43:12,0.3,48.0,31.0,3806,4.1,112.0,48.0,0.009,0.01
2026-02-26T23:43:27,0.4,48.0,31.0,3806,4.1,118.0,48.0,0.014,0.014
2026-02-26T23:43:43,0.4,48.0,31.0,3815,4.1,109.0,48.0,0.008,0.008
2026-02-26T23:43:59,0.3,48.0,31.0,3815,4.1,118.0,48.0,0.013,0.012
2026-02-26T23:44:15,0.4,48.0,31.0,3806,4.1,112.0,48.0,0.01,0.009
2026-02-26T23:44:30,0.5,48.0,31.0,3815,4.1,157.0,48.0,0.014,0.014
2026-02-26T23:44:46,0.4,48.0,31.0,3806,4.1,115.0,48.0,0.01,0.009
2026-02-26T23:45:02,0.4,48.0,31.0,3806,4.1,112.0,48.0,0.014,0.013
2026-02-26T23:45:18,0.3,48.0,31.0,3841,4.1,109.0,48.0,0.019,0.02
2026-02-26T23:45:33,0.4,48.0,31.0,3841,4.1,142.0,48.0,0.009,0.009
2026-02-26T23:45:49,0.3,48.0,31.0,3806,4.1,130.0,48.0,0.013,0.012
2026-02-26T23:46:05,0.3,48.0,31.0,3815,4.1,115.0,48.0,0.008,0.008
2026-02-26T23:46:21,0.4,48.0,31.0,3806,4.1,118.0,48.0,0.014,0.014
2026-02-26T23:46:36,0.4,48.0,31.0,3815,4.1,112.0,48.0,0.009,0.009
2026-02-26T23:46:52,0.3,48.0,31.0,3806,4.1,112.0,48.0,0.012,0.012
2026-02-26T23:47:08,0.3,48.0,31.0,3815,4.1,109.0,48.0,0.009,0.009
2026-02-26T23:47:24,0.4,48.0,31.0,3815,4.1,109.0,48.0,0.013,0.014
2026-02-26T23:47:39,0.4,48.0,31.0,3815,4.1,115.0,48.0,0.015,0.015
2026-02-26T23:47:55,0.3,48.0,31.0,3815,4.1,106.0,48.0,0.012,0.012
2026-02-26T23:48:11,0.4,48.0,31.0,3815,4.1,112.0,48.0,0.015,0.02
2026-02-26T23:48:27,0.4,48.0,31.0,3850,4.1,160.0,48.0,0.013,0.014
2026-02-26T23:48:42,0.4,48.0,31.0,3815,4.1,115.0,48.0,0.009,0.009
2026-02-26T23:48:58,0.4,48.0,31.0,3806,4.1,112.0,48.0,0.012,0.012
2026-02-26T23:49:14,0.4,48.0,31.0,3806,4.1,118.0,48.0,0.009,0.009
2026-02-26T23:49:30,0.4,48.0,31.0,3815,4.1,109.0,48.0,0.015,0.014
2026-02-26T23:49:46,0.4,48.0,31.0,3815,4.1,124.0,48.0,0.009,0.009
2026-02-26T23:50:01,0.4,48.0,31.0,3806,4.1,130.0,48.0,0.013,0.013
2026-02-26T23:50:17,0.3,48.0,31.0,3806,4.1,124.0,48.0,0.014,0.014
2026-02-26T23:50:33,0.4,48.0,31.0,3841,4.1,109.0,48.0,0.009,0.009
2026-02-26T23:50:49,0.3,48.0,31.0,3806,4.1,118.0,48.0,0.013,0.012
2026-02-26T23:51:04,0.4,48.0,31.0,3815,4.1,172.0,48.0,0.012,0.014
2026-02-26T23:51:20,0.4,48.0,31.0,3850,4.1,118.0,48.0,0.019,0.02
2026-02-26T23:51:36,0.4,48.0,31.0,3806,4.1,121.0,48.0,0.009,0.009
2026-02-26T23:51:52,0.3,48.0,31.0,3815,4.1,109.0,48.0,0.011,0.012
2026-02-26T23:52:07,0.3,48.0,31.0,3815,4.1,142.0,48.0,0.008,0.008
2026-02-26T23:52:23,0.4,48.0,31.0,3815,4.1,109.0,48.0,0.014,0.014
2026-02-26T23:52:39,0.4,48.0,31.0,3815,4.1,109.0,48.0,0.008,0.009
2026-02-26T23:52:55,0.3,48.0,31.0,3815,4.1,112.0,48.0,0.015,0.016
2026-02-26T23:53:10,0.3,48.0,31.0,3815,4.1,118.0,48.0,0.009,0.01
2026-02-26T23:53:26,0.4,48.0,31.0,3806,4.1,109.0,48.0,0.014,0.015
2026-02-26T23:53:42,0.3,48.0,31.0,3850,4.1,109.0,48.0,0.008,0.008
2026-02-26T23:53:58,0.3,48.0,31.0,3815,4.1,115.0,48.0,0.012,0.012
2026-02-26T23:54:13,0.5,48.0,31.0,3806,4.1,115.0,48.0,0.015,0.019
2026-02-26T23:54:29,0.4,48.0,31.0,3806,4.1,130.0,48.0,0.015,0.014
2026-02-26T23:54:45,0.3,48.0,31.0,3806,4.1,112.0,48.0,0.01,0.009
2026-02-26T23:55:00,0.3,48.0,30.0,3815,4.1,115.0,48.0,0.013,0.012
2026-02-26T23:55:16,0.3,48.0,31.0,3806,4.1,118.0,48.0,0.01,0.01
2026-02-26T23:55:32,0.4,48.0,31.0,3815,4.1,139.0,48.0,0.014,0.013
2026-02-26T23:55:48,0.3,48.0,31.0,3797,4.1,112.0,48.0,0.012,0.012
2026-02-26T23:56:04,0.3,48.0,31.0,3841,4.1,112.0,48.0,0.009,0.009
2026-02-26T23:56:19,0.3,48.0,31.0,3806,4.1,112.0,48.0,0.014,0.014
2026-02-26T23:56:35,0.4,48.0,31.0,3806,4.1,118.0,48.0,0.009,0.009
2026-02-26T23:56:51,0.3,48.0,31.0,3815,4.1,112.0,48.0,0.012,0.012
2026-02-26T23:57:07,0.4,48.0,31.0,3815,4.1,109.0,48.0,0.015,0.019
2026-02-26T23:57:22,0.4,48.0,31.0,3815,4.1,115.0,48.0,0.016,0.015
2026-02-26T23:57:38,0.4,48.0,31.0,3841,4.1,121.0,48.0,0.016,0.015
2026-02-26T23:57:54,0.3,48.0,31.0,3841,4.1,115.0,48.0,0.012,0.012
2026-02-26T23:58:10,0.3,48.0,31.0,3815,4.1,106.0,48.0,0.009,0.01
2026-02-26T23:58:25,0.4,48.0,31.0,3815,4.1,160.0,48.0,0.014,0.014
2026-02-26T23:58:41,0.3,48.0,31.0,3806,4.1,115.0,48.0,0.008,0.009
2026-02-26T23:58:57,0.3,48.0,31.0,3850,4.1,115.0,48.0,0.012,0.012
2026-02-26T23:59:13,0.4,48.0,31.0,3806,4.1,115.0,48.0,0.009,0.009
2026-02-26T23:59:28,0.5,48.0,31.0,3850,4.1,112.0,48.0,0.015,0.014
2026-02-26T23:59:44,0.3,48.0,31.0,3815,4.1,115.0,48.0,0.009,0.009
2026-02-27T00:00:00,0.3,48.0,31.0,3815,4.1,112.0,48.0,0.013,0.012
2026-02-27T00:00:16,0.4,48.0,31.0,3815,4.1,115.0,48.0,0.016,0.019
2026-02-27T00:00:31,0.4,48.0,31.0,3841,4.1,112.0,48.0,0.014,0.014
2026-02-27T00:00:47,0.3,48.0,31.0,3815,4.1,118.0,48.0,0.013,0.012
2026-02-27T00:01:03,0.3,48.0,31.0,3815,4.1,136.0,48.0,0.009,0.009
2026-02-27T00:01:19,0.3,48.0,31.0,3806,4.1,112.0,48.0,0.013,0.014
2026-02-27T00:01:35,0.4,48.0,31.0,3806,4.1,109.0,48.0,0.009,0.009
2026-02-27T00:01:50,0.3,48.0,31.0,3806,4.1,112.0,48.0,0.012,0.012
2026-02-27T00:02:06,0.4,48.0,31.0,3815,4.1,151.0,48.0,0.009,0.009
2026-02-27T00:02:22,0.4,47.0,31.0,3806,4.1,118.0,48.0,0.014,0.014
2026-02-27T00:02:38,0.4,48.0,31.0,3815,4.1,115.0,48.0,0.009,0.008
2026-02-27T00:02:53,0.3,48.0,31.0,3815,4.1,109.0,48.0,0.013,0.012
2026-02-27T00:03:09,0.4,48.0,31.0,3850,4.1,115.0,48.0,0.015,0.02
2026-02-27T00:03:25,0.5,48.0,31.0,3815,4.1,109.0,48.0,0.016,0.015
2026-02-27T00:03:41,0.3,48.0,31.0,3850,4.1,109.0,48.0,0.009,0.009
2026-02-27T00:03:56,0.3,48.0,31.0,3841,4.1,115.0,48.0,0.012,0.012
2026-02-27T00:04:12,0.4,48.0,31.0,3806,4.1,136.0,48.0,0.009,0.009
2026-02-27T00:04:28,0.4,48.0,31.0,3815,4.1,118.0,48.0,0.015,0.014
2026-02-27T00:04:44,0.4,48.0,31.0,3815,4.1,109.0,48.0,0.01,0.009
2026-02-27T00:04:59,0.3,48.0,31.0,3815,4.1,109.0,48.0,0.013,0.012
2026-02-27T00:05:15,0.3,48.0,31.0,3815,4.1,124.0,48.0,0.01,0.009
2026-02-27T00:05:31,0.4,48.0,31.0,3850,4.1,145.0,48.0,0.014,0.014
2026-02-27T00:05:47,0.3,48.0,31.0,3850,4.1,115.0,48.0,0.008,0.008
2026-02-27T00:06:02,0.3,48.0,31.0,3815,4.1,112.0,48.0,0.013,0.012
2026-02-27T00:06:18,0.4,48.0,31.0,3815,4.1,121.0,48.0,0.02,0.024
2026-02-27T00:06:34,0.4,48.0,31.0,3806,4.1,112.0,48.0,0.008,0.008
2026-02-27T00:06:50,0.3,47.0,31.0,3841,4.1,109.0,48.0,0.012,0.012
2026-02-27T00:07:05,0.3,48.0,31.0,3815,4.1,136.0,48.0,0.009,0.009
2026-02-27T00:07:21,0.3,48.0,31.0,3806,4.1,115.0,48.0,0.014,0.014
2026-02-27T00:07:37,0.4,48.0,31.0,3815,4.1,112.0,48.0,0.008,0.009
2026-02-27T00:07:53,0.4,48.0,31.0,3806,4.1,157.0,48.0,0.019,0.019
2026-02-27T00:08:08,0.3,48.0,31.0,3806,4.1,112.0,48.0,0.009,0.01
2026-02-27T00:08:24,0.4,48.0,31.0,3841,4.1,109.0,48.0,0.014,0.014
2026-02-27T00:08:40,0.4,48.0,31.0,3841,4.1,112.0,48.0,0.008,0.009
2026-02-27T00:08:56,0.3,48.0,31.0,3850,4.1,112.0,48.0,0.012,0.012
2026-02-27T00:09:12,0.4,48.0,31.0,3815,4.1,169.0,48.0,0.016,0.019
2026-02-27T00:09:27,0.5,48.0,31.0,3815,4.1,121.0,48.0,0.017,0.015
2026-02-27T00:09:43,0.3,48.0,31.0,3815,4.1,109.0,48.0,0.01,0.009
2026-02-27T00:09:59,0.4,48.0,31.0,3815,4.1,109.0,48.0,0.013,0.012
2026-02-27T00:10:15,0.3,48.0,31.0,3850,4.1,118.0,48.0,0.009,0.009
2026-02-27T00:10:30,0.4,48.0,31.0,3806,4.1,154.0,48.0,0.015,0.014
2026-02-27T00:10:46,0.3,48.0,31.0,3815,4.1,106.0,48.0,0.009,0.009
2026-02-27T00:11:02,0.3,48.0,31.0,3815,4.1,115.0,48.0,0.012,0.012
2026-02-27T00:11:18,0.4,48.0,31.0,3815,4.1,121.0,48.0,0.014,0.014
2026-02-27T00:11:33,0.4,48.0,31.0,3850,4.1,124.0,48.0,0.008,0.008
2026-02-27T00:11:49,0.3,48.0,31.0,3797,4.1,163.0,48.0,0.012,0.012
2026-02-27T00:12:05,0.3,48.0,31.0,3806,4.1,109.0,48.0,0.009,0.009
2026-02-27T00:12:20,0.4,48.0,31.0,3815,4.1,112.0,48.0,0.02,0.024
2026-02-27T00:12:36,0.4,48.0,30.0,3815,4.1,118.0,48.0,0.008,0.008
2026-02-27T00:12:52,0.3,48.0,31.0,3850,4.1,118.0,48.0,0.012,0.012
2026-02-27T00:13:08,0.3,48.0,31.0,3850,4.1,121.0,48.0,0.009,0.01
2026-02-27T00:13:23,0.4,48.0,31.0,3815,4.1,148.0,48.0,0.014,0.014
2026-02-27T00:13:39,0.4,48.0,31.0,3815,4.1,112.0,48.0,0.008,0.008
2026-02-27T00:13:55,0.3,48.0,31.0,3815,4.1,121.0,48.0,0.012,0.012
2026-02-27T00:14:11,0.4,48.0,31.0,3815,4.1,130.0,48.0,0.01,0.009
2026-02-27T00:14:26,0.4,48.0,31.0,3806,4.1,139.0,48.0,0.014,0.014
2026-02-27T00:14:42,0.4,48.0,31.0,3806,4.1,112.0,48.0,0.009,0.009
2026-02-27T00:14:58,0.3,48.0,31.0,3815,4.1,106.0,48.0,0.013,0.013
2026-02-27T00:15:14,0.3,48.0,31.0,3806,4.1,112.0,48.0,0.016,0.019
2026-02-27T00:15:30,0.4,48.0,31.0,3841,4.1,142.0,48.0,0.017,0.015
2026-02-27T00:15:45,0.4,48.0,31.0,3850,4.1,109.0,48.0,0.009,0.009
2026-02-27T00:16:01,0.3,48.0,31.0,3806,4.1,106.0,48.0,0.012,0.012
2026-02-27T00:16:17,0.3,48.0,31.0,3806,4.1,118.0,48.0,0.01,0.011
2026-02-27T00:16:32,0.4,48.0,31.0,3806,4.1,112.0,48.0,0.012,0.012
2026-02-27T00:16:48,0.3,48.0,31.0,3806,4.1,154.0,48.0,0.012,0.012
2026-02-27T00:17:04,0.3,48.0,31.0,3815,4.1,112.0,48.0,0.009,0.009
2026-02-27T00:17:20,0.4,48.0,31.0,3815,4.1,109.0,48.0,0.014,0.014
2026-02-27T00:17:35,0.4,48.0,31.0,3815,4.1,115.0,48.0,0.008,0.008
2026-02-27T00:17:51,0.3,48.0,31.0,3806,4.1,118.0,48.0,0.019,0.019
2026-02-27T00:18:07,0.3,48.0,31.0,3850,4.1,160.0,48.0,0.009,0.009
2026-02-27T00:18:23,0.4,48.0,31.0,3815,4.1,112.0,48.0,0.018,0.021
2026-02-27T00:18:39,0.4,48.0,31.0,3806,4.1,112.0,48.0,0.009,0.009
2026-02-27T00:18:54,0.3,48.0,31.0,3815,4.1,130.0,48.0,0.012,0.012
2026-02-27T00:19:10,0.4,48.0,31.0,3815,4.1,121.0,48.0,0.009,0.009
2026-02-27T00:19:26,0.5,48.0,31.0,3815,4.1,178.0,48.0,0.015,0.014
2026-02-27T00:19:42,0.3,48.0,31.0,3806,4.1,109.0,48.0,0.01,0.009
2026-02-27T00:19:57,0.3,48.0,31.0,3815,4.1,109.0,48.0,0.012,0.012
2026-02-27T00:20:13,0.3,48.0,31.0,3806,4.1,109.0,48.0,0.01,0.009
2026-02-27T00:20:29,0.4,48.0,31.0,3806,4.1,136.0,48.0,0.014,0.014
2026-02-27T00:20:45,0.3,48.0,31.0,3806,4.1,112.0,48.0,0.009,0.009
2026-02-27T00:21:01,0.3,48.0,31.0,3806,4.1,112.0,48.0,0.012,0.012
2026-02-27T00:21:16,0.4,48.0,31.0,3815,4.1,106.0,48.0,0.018,0.021
2026-02-27T00:21:32,0.4,48.0,31.0,3815,4.1,112.0,48.0,0.013,0.012
2026-02-27T00:21:48,0.4,48.0,31.0,3815,4.1,109.0,48.0,0.012,0.012
2026-02-27T00:22:04,0.3,48.0,31.0,3815,4.1,112.0,48.0,0.009,0.009
2026-02-27T00:22:19,0.3,48.0,31.0,3815,4.1,115.0,48.0,0.013,0.014
2026-02-27T00:22:35,0.4,48.0,31.0,3806,4.1,112.0,48.0,0.009,0.008
2026-02-27T00:22:51,0.3,48.0,31.0,3806,4.1,112.0,48.0,0.012,0.012
2026-02-27T00:23:07,0.3,48.0,31.0,3850,4.1,136.0,48.0,0.008,0.009
2026-02-27T00:23:22,0.3,48.0,31.0,3815,4.1,112.0,48.0,0.015,0.015
2026-02-27T00:23:38,0.4,48.0,31.0,3815,4.1,109.0,48.0,0.008,0.008
2026-02-27T00:23:54,0.3,47.0,31.0,3815,4.1,109.0,48.0,0.013,0.012
2026-02-27T00:24:10,0.4,48.0,31.0,3815,4.1,118.0,48.0,0.009,0.009
2026-02-27T00:24:25,0.4,48.0,31.0,3806,4.1,118.0,48.0,0.018,0.02
2026-02-27T00:24:41,0.4,48.0,31.0,3815,4.1,124.0,48.0,0.01,0.009
2026-02-27T00:24:57,0.3,48.0,31.0,3806,4.1,112.0,48.0,0.013,0.012
2026-02-27T00:25:13,0.3,48.0,31.0,3815,4.1,106.0,48.0,0.009,0.009
2026-02-27T00:25:28,0.4,48.0,31.0,3815,4.1,121.0,48.0,0.015,0.014
2026-02-27T00:25:44,0.3,48.0,31.0,3815,4.1,115.0,48.0,0.008,0.009
2026-02-27T00:26:00,0.3,48.0,31.0,3806,4.1,118.0,48.0,0.012,0.012
2026-02-27T00:26:16,0.3,47.0,31.0,3815,4.1,115.0,48.0,0.008,0.008
2026-02-27T00:26:32,0.4,48.0,31.0,3850,4.1,106.0,48.0,0.014,0.014
2026-02-27T00:26:47,0.3,48.0,31.0,3806,4.1,112.0,48.0,0.012,0.012
2026-02-27T00:27:03,0.3,48.0,31.0,3806,4.1,109.0,48.0,0.009,0.009
2026-02-27T00:27:19,0.4,48.0,31.0,3806,4.1,109.0,48.0,0.023,0.025
2026-02-27T00:27:35,0.4,48.0,31.0,3815,4.1,109.0,48.0,0.008,0.008
2026-02-27T00:27:51,0.3,48.0,31.0,3841,4.1,109.0,48.0,0.019,0.019
2026-02-27T00:28:06,0.3,48.0,31.0,3806,4.1,109.0,48.0,0.009,0.009
2026-02-27T00:28:22,0.3,48.0,31.0,3841,4.1,118.0,48.0,0.014,0.015
2026-02-27T00:28:38,0.4,48.0,31.0,3806,4.1,136.0,48.0,0.009,0.009
2026-02-27T00:28:54,0.3,48.0,31.0,3815,4.1,112.0,48.0,0.012,0.012
2026-02-27T00:29:09,0.4,48.0,31.0,3815,4.1,115.0,48.0,0.009,0.009
2026-02-27T00:29:25,0.4,48.0,31.0,3815,4.1,118.0,48.0,0.016,0.015
2026-02-27T00:29:41,0.4,48.0,31.0,3815,4.1,109.0,48.0,0.01,0.009
2026-02-27T00:29:57,0.3,48.0,31.0,3850,4.1,118.0,48.0,0.013,0.012
2026-02-27T00:30:12,0.4,48.0,31.0,3806,4.1,169.0,48.0,0.012,0.014
2026-02-27T00:30:28,0.4,48.0,31.0,3850,4.1,112.0,48.0,0.017,0.019
2026-02-27T00:30:44,0.4,48.0,31.0,3841,4.1,109.0,48.0,0.009,0.009
2026-02-27T00:31:00,0.3,48.0,31.0,3815,4.1,109.0,48.0,0.012,0.012
2026-02-27T00:31:15,0.3,48.0,31.0,3850,4.1,109.0,48.0,0.008,0.008
2026-02-27T00:31:31,0.4,48.0,31.0,3815,4.1,109.0,48.0,0.014,0.014
2026-02-27T00:31:47,0.4,48.0,31.0,3841,4.1,106.0,48.0,0.009,0.009
2026-02-27T00:32:03,0.3,48.0,31.0,3806,4.1,109.0,48.0,0.011,0.012
2026-02-27T00:32:18,0.3,48.0,31.0,3806,4.1,109.0,48.0,0.013,0.014
2026-02-27T00:32:34,0.4,48.0,31.0,3815,4.1,115.0,48.0,0.008,0.008
2026-02-27T00:32:50,0.3,48.0,31.0,3797,4.1,166.0,48.0,0.011,0.012
2026-02-27T00:33:06,0.3,48.0,31.0,3850,4.1,112.0,48.0,0.008,0.009
2026-02-27T00:33:21,0.4,48.0,31.0,3815,4.1,106.0,48.0,0.023,0.027
2026-02-27T00:33:37,0.4,48.0,31.0,3815,4.1,118.0,48.0,0.008,0.008
2026-02-27T00:33:53,0.3,47.0,31.0,3815,4.1,112.0,48.0,0.012,0.012
2026-02-27T00:34:09,0.3,48.0,31.0,3815,4.1,142.0,48.0,0.008,0.009
2026-02-27T00:34:24,0.4,47.0,31.0,3850,4.1,130.0,48.0,0.014,0.014
2026-02-27T00:34:40,0.4,47.0,31.0,3806,4.1,115.0,48.0,0.01,0.009
2026-02-27T00:34:56,0.4,47.0,31.0,3806,4.1,106.0,48.0,0.012,0.012
2026-02-27T00:35:12,0.4,47.0,31.0,3815,4.1,112.0,48.0,0.009,0.009
2026-02-27T00:35:27,0.4,48.0,31.0,3815,4.1,115.0,48.0,0.014,0.014
2026-02-27T00:35:43,0.4,47.0,31.0,3806,4.1,109.0,48.0,0.008,0.009
2026-02-27T00:35:59,0.3,48.0,31.0,3815,4.1,112.0,48.0,0.012,0.012
2026-02-27T00:36:15,0.4,48.0,31.0,3806,4.1,109.0,48.0,0.014,0.019
2026-02-27T00:36:30,0.4,48.0,31.0,3815,4.1,121.0,48.0,0.013,0.014
2026-02-27T00:36:46,0.3,48.0,31.0,3806,4.1,112.0,48.0,0.009,0.009
2026-02-27T00:37:02,0.3,48.0,31.0,3850,4.1,163.0,48.0,0.012,0.012
2026-02-27T00:37:18,0.3,48.0,31.0,3806,4.1,127.0,48.0,0.013,0.014
2026-02-27T00:37:33,0.4,48.0,31.0,3815,4.1,109.0,48.0,0.008,0.008
2026-02-27T00:37:49,0.4,48.0,31.0,3850,4.1,109.0,48.0,0.018,0.019
2026-02-27T00:38:05,0.3,47.0,31.0,3815,4.1,112.0,48.0,0.008,0.009
2026-02-27T00:38:21,0.3,48.0,31.0,3806,4.1,109.0,48.0,0.014,0.015
2026-02-27T00:38:37,0.5,48.0,31.0,3850,4.1,115.0,48.0,0.008,0.008
2026-02-27T00:38:52,0.3,48.0,31.0,3806,4.1,109.0,48.0,0.012,0.012
2026-02-27T00:39:08,0.4,48.0,31.0,3806,4.1,142.0,48.0,0.008,0.009
2026-02-27T00:39:24,0.4,48.0,31.0,3806,4.1,124.0,48.0,0.024,0.026
2026-02-27T00:39:40,0.4,48.0,31.0,3815,4.1,115.0,48.0,0.009,0.009
2026-02-27T00:39:56,0.3,48.0,31.0,3815,4.1,109.0,48.0,0.013,0.012
2026-02-27T00:40:11,0.3,48.0,31.0,3815,4.1,115.0,48.0,0.008,0.009
2026-02-27T00:40:27,0.4,48.0,31.0,3850,4.1,133.0,48.0,0.014,0.014
2026-02-27T00:40:43,0.3,48.0,31.0,3806,4.1,118.0,48.0,0.008,0.008
2026-02-27T00:40:58,0.4,48.0,31.0,3806,4.1,109.0,48.0,0.012,0.012
2026-02-27T00:41:14,0.3,48.0,31.0,3806,4.1,112.0,48.0,0.008,0.008
2026-02-27T00:41:30,0.4,48.0,31.0,3841,4.1,112.0,48.0,0.013,0.014
2026-02-27T00:41:46,0.3,48.0,31.0,3850,4.1,115.0,48.0,0.008,0.009
2026-02-27T00:42:01,0.3,48.0,31.0,3841,4.1,109.0,48.0,0.012,0.012
2026-02-27T00:42:17,0.4,48.0,31.0,3850,4.1,112.0,48.0,0.019,0.024
2026-02-27T00:42:33,0.4,48.0,31.0,3841,4.1,106.0,48.0,0.008,0.008
2026-02-27T00:42:49,0.3,48.0,31.0,3815,4.1,115.0,48.0,0.012,0.012
2026-02-27T00:43:04,0.4,48.0,31.0,3850,4.1,109.0,48.0,0.009,0.01
2026-02-27T00:43:20,0.3,48.0,31.0,3815,4.1,115.0,48.0,0.013,0.014
2026-02-27T00:43:36,0.4,48.0,31.0,3806,4.1,115.0,48.0,0.008,0.008
2026-02-27T00:43:52,0.3,48.0,31.0,3806,4.1,109.0,48.0,0.012,0.012
2026-02-27T00:44:08,0.4,48.0,31.0,3806,4.1,121.0,48.0,0.008,0.009
2026-02-27T00:44:23,0.4,48.0,31.0,3806,4.1,142.0,48.0,0.015,0.014
2026-02-27T00:44:39,0.4,48.0,31.0,3815,4.1,130.0,48.0,0.009,0.009
2026-02-27T00:44:55,0.3,48.0,31.0,3815,4.1,115.0,48.0,0.013,0.012
2026-02-27T00:45:11,0.3,48.0,31.0,3815,4.1,115.0,48.0,0.009,0.009
2026-02-27T00:45:26,0.5,48.0,31.0,3815,4.1,112.0,48.0,0.022,0.025
2026-02-27T00:45:42,0.3,48.0,31.0,3806,4.1,109.0,48.0,0.009,0.009
2026-02-27T00:45:58,0.3,48.0,31.0,3815,4.1,109.0,48.0,0.012,0.012
2026-02-27T00:46:14,0.3,48.0,31.0,3841,4.1,118.0,48.0,0.008,0.008
2026-02-27T00:46:30,0.4,48.0,31.0,3815,4.1,121.0,48.0,0.013,0.014
2026-02-27T00:46:45,0.4,48.0,31.0,3806,4.1,112.0,48.0,0.008,0.009
2026-02-27T00:47:01,0.3,48.0,31.0,3815,4.1,115.0,48.0,0.012,0.012
2026-02-27T00:47:17,0.3,48.0,31.0,3815,4.1,118.0,48.0,0.011,0.011
2026-02-27T00:47:33,0.4,48.0,31.0,3806,4.1,118.0,48.0,0.011,0.011
2026-02-27T00:47:48,0.4,48.0,31.0,3850,4.1,121.0,48.0,0.022,0.023
2026-02-27T00:48:04,0.3,47.0,31.0,3841,4.1,121.0,48.0,0.009,0.01
2026-02-27T00:48:20,0.4,48.0,31.0,3850,4.1,166.0,48.0,0.02,0.025
2026-02-27T00:48:35,0.5,48.0,31.0,3850,4.1,112.0,48.0,0.008,0.008
2026-02-27T00:48:51,0.3,47.0,31.0,3850,4.1,112.0,48.0,0.012,0.012
2026-02-27T00:49:07,0.4,48.0,31.0,3841,4.1,121.0,48.0,0.008,0.009
2026-02-27T00:49:23,0.4,48.0,31.0,3850,4.1,109.0,48.0,0.015,0.014
2026-02-27T00:49:39,0.4,48.0,31.0,3850,4.1,130.0,48.0,0.01,0.009
2026-02-27T00:49:54,0.3,48.0,31.0,3850,4.1,115.0,48.0,0.012,0.012
2026-02-27T00:50:10,0.3,48.0,31.0,3850,4.1,109.0,48.0,0.008,0.009
2026-02-27T00:50:26,0.4,48.0,31.0,3841,4.1,112.0,48.0,0.014,0.014
2026-02-27T00:50:42,0.4,48.0,31.0,3850,4.1,118.0,48.0,0.008,0.008
2026-02-27T00:50:57,0.3,48.0,31.0,3850,4.1,109.0,48.0,0.012,0.012
2026-02-27T00:51:13,0.3,48.0,31.0,3850,4.1,121.0,48.0,0.008,0.008
2026-02-27T00:51:29,0.5,48.0,31.0,3850,4.1,115.0,48.0,0.021,0.025
2026-02-27T00:51:45,0.4,48.0,31.0,3841,4.1,112.0,48.0,0.009,0.009
2026-02-27T00:52:00,0.3,48.0,31.0,3850,4.1,109.0,48.0,0.012,0.012
2026-02-27T00:52:16,0.3,47.0,31.0,3841,4.1,106.0,48.0,0.009,0.01
2026-02-27T00:52:32,0.4,48.0,31.0,3850,4.1,112.0,48.0,0.012,0.012
2026-02-27T00:52:48,0.3,48.0,31.0,3841,4.1,109.0,48.0,0.012,0.012
2026-02-27T00:53:03,0.3,48.0,31.0,3850,4.1,115.0,48.0,0.008,0.009
2026-02-27T00:53:19,0.3,48.0,31.0,3850,4.1,163.0,48.0,0.014,0.015
2026-02-27T00:53:35,0.4,48.0,31.0,3841,4.1,118.0,48.0,0.008,0.008
2026-02-27T00:53:51,0.3,48.0,31.0,3841,4.1,109.0,48.0,0.012,0.012
2026-02-27T00:54:07,0.3,48.0,31.0,3832,4.1,118.0,48.0,0.008,0.009
2026-02-27T00:54:22,0.5,48.0,31.0,3850,4.1,109.0,48.0,0.021,0.025
2026-02-27T00:54:38,0.4,48.0,31.0,3841,4.1,118.0,48.0,0.009,0.009
2026-02-27T00:54:54,0.3,48.0,31.0,3850,4.1,115.0,48.0,0.013,0.013
2026-02-27T00:55:10,0.3,48.0,31.0,3841,4.1,118.0,48.0,0.008,0.009
2026-02-27T00:55:25,0.4,48.0,31.0,3850,4.1,112.0,48.0,0.014,0.014
2026-02-27T00:55:41,0.4,48.0,31.0,3850,4.1,109.0,48.0,0.009,0.009
2026-02-27T00:55:57,0.3,48.0,31.0,3841,4.1,112.0,48.0,0.012,0.012
2026-02-27T00:56:13,0.3,48.0,31.0,3841,4.1,109.0,48.0,0.008,0.008
2026-02-27T00:56:28,0.4,48.0,31.0,3815,4.1,112.0,48.0,0.013,0.014
2026-02-27T00:56:44,0.3,48.0,31.0,3850,4.1,112.0,48.0,0.008,0.008
2026-02-27T00:57:00,0.3,48.0,31.0,3850,4.1,115.0,48.0,0.013,0.012
2026-02-27T00:57:16,0.4,48.0,31.0,3850,4.1,118.0,48.0,0.008,0.008
2026-02-27T00:57:31,0.4,48.0,31.0,3850,4.1,112.0,48.0,0.02,0.021
2026-02-27T00:57:47,0.3,48.0,31.0,3841,4.1,115.0,48.0,0.015,0.016
2026-02-27T00:58:03,0.3,47.0,31.0,3850,4.1,106.0,48.0,0.012,0.013
2026-02-27T00:58:19,0.3,48.0,31.0,3841,4.1,115.0,48.0,0.013,0.014
2026-02-27T00:58:34,0.4,48.0,31.0,3850,4.1,130.0,48.0,0.008,0.008
2026-02-27T00:58:50,0.3,48.0,31.0,3850,4.1,109.0,48.0,0.012,0.012
2026-02-27T00:59:06,0.4,48.0,31.0,3841,4.1,109.0,48.0,0.007,0.008
2026-02-27T00:59:22,0.4,48.0,31.0,3850,4.1,109.0,48.0,0.015,0.015
2026-02-27T00:59:38,0.4,48.0,31.0,3850,4.1,106.0,48.0,0.009,0.009
2026-02-27T00:59:53,0.4,48.0,31.0,3850,4.1,118.0,48.0,0.012,0.012
2026-02-27T01:00:09,0.3,48.0,31.0,3850,4.1,118.0,48.0,0.009,0.009
2026-02-27T01:00:25,0.4,48.0,31.0,3841,4.1,109.0,48.0,0.02,0.024
2026-02-27T01:00:40,0.4,48.0,31.0,3841,4.1,136.0,48.0,0.008,0.008
2026-02-27T01:00:56,0.3,48.0,31.0,3841,4.1,109.0,48.0,0.012,0.012
2026-02-27T01:01:12,0.4,48.0,31.0,3850,4.1,112.0,48.0,0.008,0.009
2026-02-27T01:01:28,0.4,48.0,31.0,3850,4.1,109.0,48.0,0.013,0.014
2026-02-27T01:01:43,0.3,48.0,31.0,3841,4.1,121.0,48.0,0.008,0.008
2026-02-27T01:01:59,0.3,48.0,31.0,3850,4.1,121.0,48.0,0.012,0.012
2026-02-27T01:02:15,0.4,48.0,31.0,3850,4.1,124.0,48.0,0.008,0.009
2026-02-27T01:02:31,0.4,48.0,31.0,3850,4.1,160.0,48.0,0.013,0.014
2026-02-27T01:02:46,0.4,48.0,31.0,3850,4.1,109.0,48.0,0.008,0.009
2026-02-27T01:03:02,0.3,48.0,31.0,3850,4.1,112.0,48.0,0.013,0.014
2026-02-27T01:03:18,0.4,48.0,31.0,3850,4.1,121.0,48.0,0.015,0.015
2026-02-27T01:03:34,0.4,48.0,31.0,3850,4.1,112.0,48.0,0.011,0.014
2026-02-27T01:03:49,0.4,48.0,31.0,3841,4.1,109.0,48.0,0.012,0.012
2026-02-27T01:04:05,0.4,48.0,31.0,3841,4.1,115.0,48.0,0.007,0.008
2026-02-27T01:04:21,0.4,48.0,31.0,3850,4.1,112.0,48.0,0.015,0.015
2026-02-27T01:04:37,0.4,48.0,31.0,3850,4.1,127.0,48.0,0.009,0.009
2026-02-27T01:04:52,0.3,48.0,31.0,3841,4.1,115.0,48.0,0.013,0.013
2026-02-27T01:05:08,0.3,48.0,31.0,3841,4.1,106.0,48.0,0.008,0.009
2026-02-27T01:05:24,0.4,48.0,31.0,3850,4.1,112.0,48.0,0.014,0.014
2026-02-27T01:05:40,0.4,48.0,31.0,3841,4.1,118.0,48.0,0.008,0.008
2026-02-27T01:05:55,0.3,47.0,31.0,3850,4.1,115.0,48.0,0.012,0.012
2026-02-27T01:06:11,0.3,48.0,31.0,3850,4.1,127.0,48.0,0.009,0.009
2026-02-27T01:06:27,0.4,48.0,31.0,3850,4.1,160.0,48.0,0.019,0.024
2026-02-27T01:06:43,0.4,48.0,31.0,3841,4.1,112.0,48.0,0.008,0.008
2026-02-27T01:06:58,0.3,47.0,31.0,3850,4.1,112.0,48.0,0.012,0.012
2026-02-27T01:07:14,0.4,47.0,31.0,3850,4.1,109.0,48.0,0.008,0.009
2026-02-27T01:07:30,0.4,48.0,31.0,3841,4.1,127.0,48.0,0.013,0.014
2026-02-27T01:07:46,0.4,48.0,31.0,3850,4.1,115.0,48.0,0.008,0.009
2026-02-27T01:08:01,0.3,48.0,31.0,3850,4.1,112.0,48.0,0.019,0.02
2026-02-27T01:08:17,0.3,48.0,31.0,3850,4.1,112.0,48.0,0.014,0.014
2026-02-27T01:08:33,0.4,48.0,31.0,3850,4.1,112.0,48.0,0.008,0.008
2026-02-27T01:08:49,0.3,48.0,31.0,3841,4.1,115.0,48.0,0.011,0.012
2026-02-27T01:09:04,0.4,47.0,31.0,3850,4.1,109.0,48.0,0.009,0.009
2026-02-27T01:09:20,0.4,48.0,31.0,3850,4.1,118.0,48.0,0.021,0.021
2026-02-27T01:09:36,0.4,48.0,31.0,3850,4.1,121.0,48.0,0.011,0.014
2026-02-27T01:09:52,0.3,48.0,31.0,3841,4.1,154.0,48.0,0.013,0.013
2026-02-27T01:10:07,0.3,48.0,31.0,3841,4.1,127.0,48.0,0.008,0.009
2026-02-27T01:10:23,0.4,48.0,31.0,3841,4.1,115.0,48.0,0.014,0.014
2026-02-27T01:10:39,0.4,48.0,31.0,3841,4.1,112.0,48.0,0.009,0.009
2026-02-27T01:10:55,0.4,48.0,31.0,3841,4.1,109.0,48.0,0.011,0.012
2026-02-27T01:11:10,0.3,48.0,31.0,3841,4.1,109.0,48.0,0.008,0.008
2026-02-27T01:11:26,0.4,48.0,31.0,3841,4.1,115.0,48.0,0.014,0.014
2026-02-27T01:11:42,0.4,48.0,31.0,3841,4.1,142.0,48.0,0.008,0.008
2026-02-27T01:11:58,0.3,48.0,31.0,3850,4.1,112.0,48.0,0.012,0.012
2026-02-27T01:12:13,0.4,48.0,31.0,3850,4.1,115.0,48.0,0.009,0.009
2026-02-27T01:12:29,0.5,48.0,31.0,3850,4.1,115.0,48.0,0.019,0.024
2026-02-27T01:12:45,0.4,48.0,31.0,3841,4.1,109.0,48.0,0.007,0.008
2026-02-27T01:13:01,0.4,48.0,31.0,3841,4.1,121.0,48.0,0.012,0.014
2026-02-27T01:13:16,0.3,48.0,31.0,3841,4.1,112.0,48.0,0.009,0.01
2026-02-27T01:13:32,0.4,48.0,31.0,3850,4.1,112.0,48.0,0.012,0.012
2026-02-27T01:13:48,0.3,48.0,31.0,3850,4.1,118.0,48.0,0.011,0.012
2026-02-27T01:14:04,0.4,48.0,31.0,3850,4.1,130.0,48.0,0.008,0.009
2026-02-27T01:14:19,0.4,48.0,31.0,3850,4.1,115.0,48.0,0.016,0.015
2026-02-27T01:14:35,0.4,48.0,31.0,3850,4.1,115.0,48.0,0.008,0.008
2026-02-27T01:14:51,0.3,48.0,31.0,3832,4.1,121.0,48.0,0.013,0.013
2026-02-27T01:15:07,0.4,48.0,31.0,3850,4.1,106.0,48.0,0.009,0.009
2026-02-27T01:15:22,0.4,48.0,31.0,3850,4.1,112.0,48.0,0.021,0.021
2026-02-27T01:15:38,0.4,48.0,31.0,3841,4.1,121.0,48.0,0.011,0.013
2026-02-27T01:15:54,0.3,48.0,31.0,3850,4.1,124.0,48.0,0.012,0.012
2026-02-27T01:16:10,0.3,48.0,31.0,3841,4.1,109.0,48.0,0.008,0.009
2026-02-27T01:16:25,0.4,48.0,31.0,3850,4.1,133.0,48.0,0.013,0.014
2026-02-27T01:16:41,0.4,48.0,31.0,3850,4.1,109.0,48.0,0.008,0.008
2026-02-27T01:16:57,0.3,48.0,31.0,3850,4.1,112.0,48.0,0.012,0.012
2026-02-27T01:17:13,0.3,48.0,31.0,3841,4.1,115.0,48.0,0.008,0.008
2026-02-27T01:17:28,0.5,48.0,31.0,3850,4.1,112.0,48.0,0.014,0.014
2026-02-27T01:17:44,0.3,48.0,31.0,3841,4.1,115.0,48.0,0.007,0.008
2026-02-27T01:18:00,0.4,47.0,31.0,3850,4.1,115.0,48.0,0.018,0.019
2026-02-27T01:18:16,0.3,48.0,31.0,3850,4.1,112.0,48.0,0.009,0.01
2026-02-27T01:18:32,0.5,48.0,31.0,3850,4.1,115.0,48.0,0.019,0.024
2026-02-27T01:18:47,0.3,48.0,31.0,3806,4.1,112.0,48.0,0.011,0.012
2026-02-27T01:19:03,0.3,47.0,31.0,3850,4.1,112.0,48.0,0.008,0.009
2026-02-27T01:19:19,0.4,48.0,31.0,3841,4.1,118.0,48.0,0.015,0.015
2026-02-27T01:19:35,0.5,48.0,31.0,3850,4.1,112.0,48.0,0.008,0.009
2026-02-27T01:19:50,0.4,47.0,31.0,3841,4.1,112.0,48.0,0.013,0.012
2026-02-27T01:20:06,0.3,47.0,31.0,3850,4.1,112.0,48.0,0.008,0.009
2026-02-27T01:20:22,0.3,48.0,31.0,3850,4.1,112.0,48.0,0.015,0.015
2026-02-27T01:20:38,0.4,48.0,31.0,3850,4.1,118.0,48.0,0.008,0.008
2026-02-27T01:20:53,0.3,48.0,31.0,3850,4.1,109.0,48.0,0.011,0.012
2026-02-27T01:21:09,0.3,48.0,31.0,3850,4.1,109.0,48.0,0.008,0.008
2026-02-27T01:21:25,0.4,48.0,31.0,3850,4.1,130.0,48.0,0.022,0.025
2026-02-27T01:21:41,0.4,48.0,31.0,3841,4.1,112.0,48.0,0.008,0.008
2026-02-27T01:21:56,0.3,47.0,31.0,3850,4.1,118.0,48.0,0.012,0.012
2026-02-27T01:22:12,0.3,47.0,31.0,3841,4.1,106.0,48.0,0.008,0.008
2026-02-27T01:22:28,0.4,47.0,31.0,3850,4.1,118.0,48.0,0.013,0.014
2026-02-27T01:22:44,0.4,47.0,31.0,3850,4.1,109.0,48.0,0.008,0.008
2026-02-27T01:22:59,0.3,48.0,31.0,3841,4.1,109.0,48.0,0.012,0.012
2026-02-27T01:23:15,0.3,47.0,31.0,3841,4.1,115.0,48.0,0.008,0.01
2026-02-27T01:23:31,0.4,48.0,31.0,3850,4.1,124.0,48.0,0.014,0.014
2026-02-27T01:23:47,0.3,47.0,31.0,3850,4.1,118.0,48.0,0.007,0.008
2026-02-27T01:24:02,0.3,47.0,31.0,3850,4.1,115.0,48.0,0.012,0.012
2026-02-27T01:24:18,0.5,48.0,31.0,3841,4.1,115.0,48.0,0.015,0.015
2026-02-27T01:24:34,0.5,48.0,31.0,3806,4.1,109.0,48.0,0.015,0.019
2026-02-27T01:24:50,0.4,48.0,31.0,3841,4.1,115.0,48.0,0.013,0.012
2026-02-27T01:25:05,0.3,48.0,31.0,3850,4.1,109.0,48.0,0.009,0.009
2026-02-27T01:25:21,0.3,47.0,31.0,3841,4.1,118.0,48.0,0.014,0.015
2026-02-27T01:25:37,0.4,48.0,31.0,3850,4.1,121.0,48.0,0.009,0.009
2026-02-27T01:25:53,0.3,48.0,31.0,3850,4.1,127.0,48.0,0.011,0.012
2026-02-27T01:26:09,0.4,48.0,31.0,3850,4.1,148.0,48.0,0.008,0.008
2026-02-27T01:26:24,0.3,48.0,31.0,3841,4.1,136.0,48.0,0.013,0.014
2026-02-27T01:26:40,0.4,48.0,31.0,3850,4.1,109.0,48.0,0.008,0.008
2026-02-27T01:26:56,0.3,48.0,31.0,3850,4.1,112.0,48.0,0.012,0.012
2026-02-27T01:27:12,0.4,48.0,31.0,3841,4.1,112.0,48.0,0.008,0.008
2026-02-27T01:27:28,0.4,48.0,31.0,3815,4.1,127.0,48.0,0.022,0.025
2026-02-27T01:27:43,0.4,48.0,31.0,3850,4.1,118.0,48.0,0.008,0.008
2026-02-27T01:27:59,0.4,47.0,31.0,3841,4.1,109.0,48.0,0.019,0.019
2026-02-27T01:28:15,0.4,48.0,31.0,3850,4.1,109.0,48.0,0.008,0.01
2026-02-27T01:28:31,0.4,48.0,30.0,3850,4.1,109.0,48.0,0.013,0.014
2026-02-27T01:28:46,0.3,47.0,31.0,3841,4.1,109.0,48.0,0.008,0.008
2026-02-27T01:29:02,0.3,47.0,31.0,3850,4.1,112.0,48.0,0.012,0.012
2026-02-27T01:29:18,0.4,48.0,31.0,3850,4.1,133.0,48.0,0.014,0.014
2026-02-27T01:29:34,0.4,48.0,31.0,3850,4.1,112.0,48.0,0.009,0.009
2026-02-27T01:29:49,0.4,48.0,31.0,3850,4.1,109.0,48.0,0.013,0.012
2026-02-27T01:30:05,0.3,47.0,31.0,3841,4.1,112.0,48.0,0.009,0.009
2026-02-27T01:30:21,0.4,48.0,31.0,3841,4.1,109.0,48.0,0.014,0.014
2026-02-27T01:30:37,0.4,48.0,31.0,3841,4.1,109.0,48.0,0.015,0.019
2026-02-27T01:30:53,0.3,48.0,31.0,3850,4.1,118.0,48.0,0.012,0.012
2026-02-27T01:31:08,0.3,47.0,31.0,3850,4.1,115.0,48.0,0.008,0.009
2026-02-27T01:31:24,0.3,48.0,31.0,3841,4.1,112.0,48.0,0.013,0.014
2026-02-27T01:31:40,0.4,47.0,31.0,3850,4.1,109.0,48.0,0.008,0.008
2026-02-27T01:31:56,0.3,47.0,31.0,3832,4.1,109.0,48.0,0.012,0.012
2026-02-27T01:32:11,0.4,47.0,31.0,3850,4.1,109.0,48.0,0.008,0.008
2026-02-27T01:32:27,0.4,47.0,31.0,3850,4.1,112.0,48.0,0.013,0.014
2026-02-27T01:32:43,0.4,47.0,31.0,3850,4.1,118.0,48.0,0.008,0.008
2026-02-27T01:32:59,0.3,47.0,31.0,3841,4.1,163.0,48.0,0.012,0.012
2026-02-27T01:33:14,0.4,48.0,31.0,3841,4.1,109.0,48.0,0.009,0.01
2026-02-27T01:33:30,0.5,48.0,31.0,3850,4.1,115.0,48.0,0.022,0.025
2026-02-27T01:33:46,0.3,48.0,31.0,3850,4.1,112.0,48.0,0.007,0.008
2026-02-27T01:34:02,0.4,48.0,31.0,3841,4.1,118.0,48.0,0.012,0.012
2026-02-27T01:34:17,0.4,48.0,31.0,3841,4.1,121.0,48.0,0.014,0.014
2026-02-27T01:34:33,0.4,48.0,31.0,3841,4.1,109.0,48.0,0.009,0.009
2026-02-27T01:34:49,0.4,48.0,31.0,3841,4.1,121.0,48.0,0.013,0.012
2026-02-27T01:35:05,0.3,48.0,31.0,3850,4.1,109.0,48.0,0.009,0.009
2026-02-27T01:35:20,0.3,48.0,31.0,3850,4.1,115.0,48.0,0.014,0.014
2026-02-27T01:35:36,0.4,48.0,31.0,3850,4.1,115.0,48.0,0.008,0.008
2026-02-27T01:35:52,0.4,48.0,31.0,3850,4.1,115.0,48.0,0.012,0.012
2026-02-27T01:36:08,0.3,48.0,31.0,3841,4.1,106.0,48.0,0.008,0.009
2026-02-27T01:36:23,0.3,47.0,31.0,3850,4.1,112.0,48.0,0.013,0.014
2026-02-27T01:36:39,0.5,48.0,31.0,3806,4.1,112.0,48.0,0.014,0.018
2026-02-27T01:36:55,0.3,48.0,31.0,3850,4.1,112.0,48.0,0.012,0.012
2026-02-27T01:37:11,0.3,48.0,31.0,3841,4.1,118.0,48.0,0.008,0.008
2026-02-27T01:37:27,0.4,48.0,31.0,3850,4.1,130.0,48.0,0.013,0.014
2026-02-27T01:37:42,0.4,48.0,31.0,3841,4.1,118.0,48.0,0.008,0.008
2026-02-27T01:37:58,0.4,48.0,31.0,3841,4.1,109.0,48.0,0.019,0.019
2026-02-27T01:38:14,0.4,48.0,31.0,3850,4.1,112.0,48.0,0.008,0.01
2026-02-27T01:38:30,0.4,48.0,31.0,3841,4.1,115.0,48.0,0.014,0.014
2026-02-27T01:38:45,0.4,48.0,31.0,3850,4.1,109.0,48.0,0.007,0.008
2026-02-27T01:39:01,0.3,48.0,31.0,3850,4.1,112.0,48.0,0.012,0.012
2026-02-27T01:39:17,0.4,48.0,31.0,3850,4.1,115.0,48.0,0.014,0.012
2026-02-27T01:39:33,0.5,48.0,31.0,3850,4.1,112.0,48.0,0.019,0.022
2026-02-27T01:39:48,0.4,48.0,31.0,3841,4.1,118.0,48.0,0.013,0.012
2026-02-27T01:40:04,0.3,48.0,31.0,3850,4.1,124.0,48.0,0.01,0.009
2026-02-27T01:40:20,0.4,48.0,31.0,3850,4.1,112.0,48.0,0.013,0.014
2026-02-27T01:40:36,0.4,48.0,31.0,3850,4.1,115.0,48.0,0.009,0.009
2026-02-27T01:40:51,0.3,48.0,31.0,3841,4.1,109.0,48.0,0.012,0.012
2026-02-27T01:41:07,0.3,48.0,31.0,3841,4.1,109.0,48.0,0.008,0.009
2026-02-27T01:41:23,0.3,48.0,31.0,3841,4.1,115.0,48.0,0.013,0.014
2026-02-27T01:41:39,0.5,48.0,31.0,3850,4.1,124.0,48.0,0.008,0.008
2026-02-27T01:41:54,0.3,48.0,31.0,3850,4.1,109.0,48.0,0.012,0.012
2026-02-27T01:42:10,0.3,48.0,31.0,3850,4.1,115.0,48.0,0.009,0.009
2026-02-27T01:42:26,0.4,48.0,31.0,3841,4.1,121.0,48.0,0.013,0.014
2026-02-27T01:42:42,0.4,48.0,31.0,3841,4.1,112.0,48.0,0.011,0.013
2026-02-27T01:42:58,0.3,48.0,31.0,3841,4.1,112.0,48.0,0.016,0.016
2026-02-27T01:43:13,0.3,48.0,31.0,3841,4.1,115.0,48.0,0.009,0.01
2026-02-27T01:43:29,0.5,48.0,31.0,3841,4.1,115.0,48.0,0.014,0.015
2026-02-27T01:43:45,0.3,48.0,31.0,3841,4.1,109.0,48.0,0.008,0.008
2026-02-27T01:44:01,0.3,48.0,31.0,3841,4.1,118.0,48.0,0.012,0.012
2026-02-27T01:44:16,0.4,48.0,31.0,3841,4.1,109.0,48.0,0.01,0.01
2026-02-27T01:44:32,0.4,48.0,31.0,3841,4.1,112.0,48.0,0.013,0.013
2026-02-27T01:44:48,0.3,48.0,31.0,3841,4.1,115.0,48.0,0.012,0.012
2026-02-27T01:45:04,0.3,48.0,31.0,3815,4.1,121.0,48.0,0.009,0.009
2026-02-27T01:45:19,0.4,48.0,31.0,3841,4.1,112.0,48.0,0.017,0.015
2026-02-27T01:45:35,0.4,48.0,31.0,3850,4.1,112.0,48.0,0.015,0.019
2026-02-27T01:45:51,0.3,48.0,31.0,3850,4.1,109.0,48.0,0.012,0.012
2026-02-27T01:46:07,0.3,48.0,31.0,3841,4.1,112.0,48.0,0.008,0.008
2026-02-27T01:46:23,0.3,48.0,31.0,3850,4.1,112.0,48.0,0.013,0.014
2026-02-27T01:46:38,0.4,47.0,31.0,3850,4.1,109.0,48.0,0.009,0.009
2026-02-27T01:46:54,0.4,48.0,31.0,3841,4.1,115.0,48.0,0.011,0.012
2026-02-27T01:47:10,0.3,48.0,31.0,3850,4.1,112.0,48.0,0.008,0.009
2026-02-27T01:47:26,0.4,48.0,30.0,3841,4.1,136.0,48.0,0.014,0.014
2026-02-27T01:47:41,0.4,48.0,31.0,3841,4.1,118.0,48.0,0.008,0.008
2026-02-27T01:47:57,0.4,48.0,31.0,3832,4.1,172.0,48.0,0.019,0.019
2026-02-27T01:48:13,0.3,48.0,31.0,3841,4.1,109.0,48.0,0.009,0.01
2026-02-27T01:48:28,0.4,48.0,31.0,3832,4.1,115.0,48.0,0.014,0.014
2026-02-27T01:48:44,0.4,48.0,31.0,3850,4.1,112.0,48.0,0.011,0.013
2026-02-27T01:49:00,0.4,47.0,31.0,3850,4.1,109.0,48.0,0.012,0.012
2026-02-27T01:49:16,0.4,48.0,31.0,3850,4.1,127.0,48.0,0.009,0.009
2026-02-27T01:49:32,0.4,48.0,31.0,3850,4.1,115.0,48.0,0.015,0.014
2026-02-27T01:49:47,0.3,47.0,31.0,3841,4.1,118.0,48.0,0.013,0.012
2026-02-27T01:50:03,0.3,48.0,31.0,3850,4.1,127.0,48.0,0.009,0.009
2026-02-27T01:50:19,0.3,47.0,31.0,3841,4.1,127.0,48.0,0.014,0.014
2026-02-27T01:50:35,0.5,47.0,31.0,3850,4.1,121.0,48.0,0.009,0.009
2026-02-27T01:50:50,0.3,48.0,31.0,3850,4.1,112.0,48.0,0.012,0.012
2026-02-27T01:51:06,0.4,48.0,31.0,3850,4.1,112.0,48.0,0.008,0.008
2026-02-27T01:51:22,0.4,48.0,31.0,3832,4.1,106.0,48.0,0.016,0.015
2026-02-27T01:51:38,0.5,48.0,31.0,3841,4.1,115.0,48.0,0.014,0.019
2026-02-27T01:51:53,0.3,48.0,31.0,3841,4.1,118.0,48.0,0.012,0.012
2026-02-27T01:52:09,0.3,47.0,31.0,3850,4.1,109.0,48.0,0.008,0.008
2026-02-27T01:52:25,0.4,47.0,31.0,3850,4.1,121.0,48.0,0.013,0.014
2026-02-27T01:52:41,0.4,48.0,31.0,3841,4.1,112.0,48.0,0.008,0.008
2026-02-27T01:52:56,0.3,47.0,31.0,3841,4.1,115.0,48.0,0.011,0.012
2026-02-27T01:53:12,0.3,47.0,31.0,3850,4.1,109.0,48.0,0.008,0.01
2026-02-27T01:53:28,0.4,47.0,31.0,3841,4.1,127.0,48.0,0.013,0.014
2026-02-27T01:53:44,0.4,47.0,31.0,3850,4.1,112.0,48.0,0.007,0.008
2026-02-27T01:54:00,0.4,47.0,31.0,3841,4.1,115.0,48.0,0.012,0.012
2026-02-27T01:54:15,0.4,47.0,31.0,3850,4.1,124.0,48.0,0.009,0.009
2026-02-27T01:54:31,0.4,48.0,31.0,3850,4.1,115.0,48.0,0.016,0.015
2026-02-27T01:54:47,0.4,47.0,31.0,3850,4.1,115.0,48.0,0.011,0.013
2026-02-27T01:55:03,0.4,47.0,31.0,3841,4.1,109.0,48.0,0.013,0.012
2026-02-27T01:55:18,0.3,48.0,31.0,3850,4.1,109.0,48.0,0.014,0.014
2026-02-27T01:55:34,0.5,48.0,31.0,3850,4.1,115.0,48.0,0.009,0.009
2026-02-27T01:55:50,0.4,48.0,31.0,3841,4.1,166.0,48.0,0.012,0.012
2026-02-27T01:56:06,0.3,48.0,31.0,3850,4.1,115.0,48.0,0.008,0.009
2026-02-27T01:56:21,0.3,47.0,31.0,3841,4.1,118.0,48.0,0.013,0.014
2026-02-27T01:56:37,0.5,48.0,31.0,3841,4.1,112.0,48.0,0.008,0.008
2026-02-27T01:56:53,0.3,48.0,31.0,3841,4.1,109.0,48.0,0.012,0.012
2026-02-27T01:57:09,0.4,48.0,31.0,3850,4.1,106.0,48.0,0.009,0.009
2026-02-27T01:57:25,0.4,47.0,31.0,3850,4.1,106.0,48.0,0.016,0.015
2026-02-27T01:57:40,0.4,48.0,31.0,3841,4.1,109.0,48.0,0.014,0.019
2026-02-27T01:57:56,0.3,48.0,31.0,3850,4.1,109.0,48.0,0.019,0.019
2026-02-27T01:58:12,0.3,48.0,31.0,3850,4.1,109.0,48.0,0.008,0.01
2026-02-27T01:58:28,0.4,48.0,31.0,3841,4.1,118.0,48.0,0.013,0.014
2026-02-27T01:58:43,0.4,48.0,31.0,3841,4.1,112.0,48.0,0.008,0.008
2026-02-27T01:58:59,0.4,48.0,31.0,3841,4.1,115.0,48.0,0.012,0.012
2026-02-27T01:59:15,0.4,48.0,31.0,3841,4.1,118.0,48.0,0.009,0.009
2026-02-27T01:59:31,0.4,48.0,31.0,3850,4.1,115.0,48.0,0.015,0.014
2026-02-27T01:59:47,0.3,48.0,31.0,3850,4.1,121.0,48.0,0.009,0.009
2026-02-27T02:00:02,0.4,48.0,31.0,3850,4.1,115.0,48.0,0.013,0.013
2026-02-27T02:00:18,0.4,48.0,31.0,3841,4.1,112.0,48.0,0.014,0.014
2026-02-27T02:00:34,0.4,48.0,31.0,3841,4.1,118.0,48.0,0.014,0.019
2026-02-27T02:00:49,0.3,48.0,31.0,3841,4.1,112.0,48.0,0.011,0.012
2026-02-27T02:01:05,0.3,47.0,31.0,3841,4.1,118.0,48.0,0.008,0.009
2026-02-27T02:01:21,0.3,47.0,31.0,3850,4.1,112.0,48.0,0.013,0.014
